transaction_id,from_account,to_account,amount,timestamp,transaction_type,channel
TXN000377,ACC0046,ACC0028,3656,2026-06-16T09:08:58.215068,merchant_payment,mobile
TXN000341,ACC0153,ACC0009,15128,2026-05-03T18:22:30.001791,merchant_payment,web
TXN000213,ACC0140,ACC0122,8800,2026-02-05T12:34:14.805340,transfer,web
TXN000271,ACC0051,ACC0155,17182,2026-06-21T17:29:33.021215,merchant_payment,mobile
TXN000677,ACC0135,ACC0087,3807,2026-06-02T00:51:33.280368,merchant_payment,branch
TXN000238,ACC0142,ACC0034,3325,2026-02-26T16:44:28.803963,transfer,mobile
TXN000002,ACC0069,ACC0083,8544,2026-05-26T10:31:53.153673,wallet_transfer,mobile
TXN000824,ACC0209,ACC0203,167714,2026-04-12T08:48:00,transfer,mobile
TXN000706,ACC0011,ACC0075,1079,2026-04-25T06:41:08.785036,merchant_payment,api
TXN000666,ACC0081,ACC0163,7432,2026-05-31T02:44:07.048477,merchant_payment,api
TXN000349,ACC0135,ACC0082,14142,2026-06-21T23:33:00.832155,merchant_payment,mobile
TXN000243,ACC0111,ACC0129,2315,2026-05-01T04:06:06.869611,wallet_transfer,web
TXN000514,ACC0198,ACC0027,19305,2026-06-26T23:55:12.994684,merchant_payment,mobile
TXN000209,ACC0087,ACC0165,6237,2026-06-06T03:06:36.102031,wallet_transfer,web
TXN000629,ACC0181,ACC0051,9477,2026-01-22T19:51:03.399286,merchant_payment,web
TXN000567,ACC0123,ACC0001,11370,2026-03-17T19:44:41.087534,bank_transfer,mobile
TXN000337,ACC0185,ACC0140,14397,2026-01-04T06:00:15.077543,merchant_payment,api
TXN000061,ACC0199,ACC0106,1930,2026-07-01T06:30:20.577784,merchant_payment,web
TXN000321,ACC0121,ACC0194,18113,2026-05-21T02:15:29.781397,wallet_transfer,api
TXN000809,ACC0162,ACC0104,1138,2026-04-21T14:28:12.690389,merchant_payment,mobile
TXN000124,ACC0066,ACC0096,5501,2026-04-28T07:49:14.341143,merchant_payment,web
TXN000091,ACC0174,ACC0186,13522,2026-01-10T04:55:56.871923,bank_transfer,api
TXN000924,ACC0108,ACC0241,6981,2026-06-21T08:00:00,merchant_payment,mobile
TXN000817,ACC0196,ACC0113,7117,2026-06-17T04:19:36.625271,merchant_payment,mobile
TXN000409,ACC0085,ACC0113,11468,2026-02-21T19:59:58.479808,merchant_payment,api
TXN000823,ACC0208,ACC0202,160917,2026-04-12T11:12:00,wallet_transfer,mobile
TXN000731,ACC0083,ACC0062,1721,2026-06-13T16:22:10.579950,merchant_payment,api
TXN000593,ACC0068,ACC0170,9724,2026-03-02T22:40:26.958701,transfer,mobile
TXN000210,ACC0179,ACC0123,6472,2026-02-22T11:42:43.220875,wallet_transfer,mobile
TXN000218,ACC0155,ACC0047,18374,2026-01-03T19:04:41.903712,transfer,mobile
TXN000622,ACC0059,ACC0035,10346,2026-04-06T06:24:05.085373,bank_transfer,mobile
TXN000457,ACC0116,ACC0068,11922,2026-05-15T01:47:34.914381,wallet_transfer,mobile
TXN000374,ACC0158,ACC0124,16486,2026-06-07T21:04:52.931633,transfer,web
TXN000877,ACC0235,ACC0226,93281,2026-06-01T09:07:00,wallet_transfer,mobile
TXN000700,ACC0052,ACC0092,2221,2026-09-04T15:21:35.863723,merchant_payment,branch
TXN000620,ACC0069,ACC0096,1162,2026-01-10T02:14:35.359329,merchant_payment,api
TXN000616,ACC0138,ACC0089,13964,2026-05-05T03:49:50.961540,transfer,web
TXN000802,ACC0172,ACC0162,7845,2026-06-10T01:06:44.040966,merchant_payment,mobile
TXN000874,ACC0234,ACC0225,53244,2026-06-01T03:54:00,wallet_transfer,api
TXN000586,ACC0195,ACC0176,7891,2026-04-01T08:15:49.211300,transfer,mobile
TXN000719,ACC0176,ACC0187,4610,2026-05-25T12:00:00.028789,merchant_payment,mobile
TXN000208,ACC0198,ACC0149,11395,2026-02-13T08:27:20.474963,transfer,mobile
TXN000215,ACC0032,ACC0095,14818,2026-05-24T14:18:18.444809,wallet_transfer,api
TXN000688,ACC0167,ACC0010,4886,2026-08-09T22:36:31.402966,merchant_payment,web
TXN000141,ACC0056,ACC0194,17288,2026-01-31T12:04:40.390996,transfer,mobile
TXN000452,ACC0074,ACC0044,15485,2026-02-02T22:00:27.973264,merchant_payment,api
TXN000902,ACC0240,ACC0241,56610,2026-06-19T11:14:00,transfer,web
TXN000870,ACC0230,ACC0224,37548,2026-06-01T06:48:00,wallet_transfer,web
TXN000889,ACC0227,ACC0228,126099,2026-06-01T22:45:00,transfer,branch
TXN000499,ACC0056,ACC0011,2481,2026-02-18T17:47:37.613849,bank_transfer,mobile
TXN000313,ACC0025,ACC0048,5107,2026-05-27T00:42:37.756485,merchant_payment,branch
TXN000694,ACC0027,ACC0131,7811,2026-05-13T22:29:36.147035,merchant_payment,web
TXN000843,ACC0202,ACC0205,58052,2026-04-14T16:00:00,wallet_transfer,mobile
TXN000794,ACC0093,ACC0076,2968,2026-06-09T19:45:49.153535,merchant_payment,api
TXN000607,ACC0147,ACC0174,5331,2026-05-21T07:41:36.379241,transfer,api
TXN000830,ACC0202,ACC0204,57266,2026-04-12T12:01:00,wallet_transfer,api
TXN000778,ACC0098,ACC0100,7185,2026-06-10T13:37:50.146605,merchant_payment,web
TXN000322,ACC0196,ACC0064,3182,2026-05-18T20:17:04.529046,merchant_payment,web
TXN000348,ACC0127,ACC0013,11785,2026-02-19T22:24:26.568955,bank_transfer,web
TXN000829,ACC0201,ACC0204,130866,2026-04-12T13:25:00,wallet_transfer,mobile
TXN000003,ACC0116,ACC0063,15727,2026-06-04T21:43:29.539040,merchant_payment,web
TXN000643,ACC0071,ACC0164,11154,2026-01-30T21:15:26.390782,wallet_transfer,mobile
TXN000624,ACC0114,ACC0055,13842,2026-04-27T10:24:23.227278,wallet_transfer,api
TXN000521,ACC0012,ACC0103,2758,2026-04-20T01:33:49.460306,wallet_transfer,api
TXN000587,ACC0009,ACC0076,1157,2026-03-05T01:03:48.703365,merchant_payment,branch
TXN000907,ACC0243,ACC0247,140142,2026-06-21T02:00:00,bank_transfer,api
TXN000275,ACC0077,ACC0152,11522,2026-02-07T19:22:31.040119,merchant_payment,web
TXN000430,ACC0053,ACC0134,16324,2026-02-25T12:08:51.600850,merchant_payment,mobile
TXN000882,ACC0225,ACC0227,15346,2026-06-01T06:21:00,wallet_transfer,api
TXN000807,ACC0010,ACC0023,5710,2026-06-10T13:57:06.516619,merchant_payment,api
TXN000326,ACC0126,ACC0024,17223,2026-04-18T03:05:25.994716,merchant_payment,mobile
TXN000668,ACC0023,ACC0034,4140,2026-07-10T00:49:02.514182,merchant_payment,mobile
TXN000737,ACC0168,ACC0172,7916,2026-05-12T07:30:58.261374,merchant_payment,mobile
TXN000418,ACC0065,ACC0169,5550,2026-03-12T01:24:58.360464,wallet_transfer,api
TXN000533,ACC0020,ACC0152,19106,2026-02-18T06:21:59.147320,transfer,web
TXN000897,ACC0244,ACC0239,27014,2026-06-19T07:13:00,wallet_transfer,web
TXN000584,ACC0043,ACC0106,16657,2026-02-13T09:44:28.864211,wallet_transfer,mobile
TXN000865,ACC0215,ACC0217,62622,2026-05-07T16:39:00,merchant_payment,web
TXN000758,ACC0196,ACC0064,7906,2026-07-26T15:47:24.301672,merchant_payment,web
TXN000393,ACC0163,ACC0070,15263,2026-01-04T15:03:44.307350,merchant_payment,mobile
TXN000528,ACC0169,ACC0097,10576,2026-03-05T23:46:01.404153,transfer,web
TXN000240,ACC0148,ACC0019,4606,2026-05-09T11:44:12.143166,bank_transfer,web
TXN000496,ACC0093,ACC0082,4824,2026-03-14T23:05:38.722862,merchant_payment,api
TXN000878,ACC0224,ACC0227,64008,2026-06-01T05:16:00,wallet_transfer,mobile
TXN000355,ACC0014,ACC0069,12859,2026-06-08T14:14:51.335246,merchant_payment,web
TXN000912,ACC0239,ACC0091,10399,2026-06-20T15:00:00,transfer,branch
TXN000600,ACC0098,ACC0095,6613,2026-02-06T02:16:14.539592,merchant_payment,mobile
TXN000253,ACC0176,ACC0104,10246,2026-05-09T17:19:57.046303,merchant_payment,web
TXN000206,ACC0163,ACC0100,12732,2026-01-26T14:22:30.058674,transfer,mobile
TXN000152,ACC0023,ACC0112,3968,2026-05-12T00:26:39.601888,transfer,web
TXN000090,ACC0030,ACC0120,2967,2026-03-09T23:57:36.004079,transfer,branch
TXN000789,ACC0082,ACC0135,4407,2026-06-02T13:00:36.143610,merchant_payment,web
TXN000922,ACC0157,ACC0241,4066,2026-06-22T03:00:00,merchant_payment,mobile
TXN000015,ACC0195,ACC0135,9773,2026-01-25T13:53:21.959860,bank_transfer,api
TXN000609,ACC0109,ACC0021,14766,2026-05-15T06:30:50.883232,transfer,api
TXN000750,ACC0101,ACC0056,5532,2026-05-24T12:37:22.687277,merchant_payment,branch
TXN000936,ACC0147,ACC0243,2168,2026-06-19T15:00:00,transfer,mobile
TXN000773,ACC0038,ACC0016,2946,2026-06-16T03:41:29.434289,merchant_payment,web
TXN000736,ACC0168,ACC0172,3976,2026-04-30T07:30:58.261374,merchant_payment,api
TXN000413,ACC0084,ACC0097,9684,2026-02-12T15:24:30.088219,wallet_transfer,mobile
TXN000019,ACC0027,ACC0004,19310,2026-06-13T12:30:44.324789,transfer,web
TXN000838,ACC0204,ACC0205,80044,2026-04-12T23:46:00,transfer,api
TXN000522,ACC0199,ACC0080,11224,2026-04-26T02:07:31.072114,transfer,web
TXN000786,ACC0182,ACC0040,5018,2026-04-16T13:22:55.456142,merchant_payment,api
TXN000415,ACC0175,ACC0197,18525,2026-02-20T02:10:48.510548,transfer,web
TXN000822,ACC0207,ACC0201,97878,2026-04-12T10:44:00,transfer,mobile
TXN000055,ACC0154,ACC0131,4973,2026-04-17T05:46:00.908162,wallet_transfer,mobile
TXN000926,ACC0061,ACC0242,7240,2026-06-20T06:00:00,transfer,api
TXN000583,ACC0001,ACC0013,13146,2026-05-13T09:06:09.159600,merchant_payment,mobile
TXN000523,ACC0095,ACC0052,10054,2026-04-26T22:52:36.873695,merchant_payment,mobile
TXN000151,ACC0044,ACC0159,15576,2026-01-05T20:26:18.794230,wallet_transfer,branch
TXN000286,ACC0170,ACC0123,17718,2026-01-02T13:14:27.651883,merchant_payment,branch
TXN000525,ACC0198,ACC0199,6903,2026-04-06T17:20:46.877321,wallet_transfer,web
TXN000760,ACC0142,ACC0162,2717,2026-05-16T20:40:44.383868,merchant_payment,web
TXN000531,ACC0134,ACC0106,12705,2026-03-23T00:50:11.472326,merchant_payment,api
TXN000473,ACC0125,ACC0088,2086,2026-02-23T22:39:33.998659,transfer,web
TXN000466,ACC0069,ACC0161,14073,2026-04-26T03:06:04.046283,merchant_payment,mobile
TXN000025,ACC0114,ACC0077,19784,2026-04-14T07:11:04.826940,bank_transfer,mobile
TXN000443,ACC0173,ACC0035,10762,2026-06-19T05:34:06.842496,transfer,mobile
TXN000901,ACC0239,ACC0241,46473,2026-06-19T10:36:00,transfer,mobile
TXN000696,ACC0052,ACC0092,2701,2026-06-16T15:21:35.863723,merchant_payment,web
TXN000384,ACC0025,ACC0136,1894,2026-04-09T20:07:03.089844,transfer,api
TXN000359,ACC0063,ACC0179,7201,2026-04-23T20:20:18.976075,merchant_payment,mobile
TXN000072,ACC0096,ACC0111,5270,2026-04-02T21:21:45.377852,transfer,mobile
TXN000432,ACC0182,ACC0030,1240,2026-04-14T17:02:42.442681,wallet_transfer,web
TXN000095,ACC0144,ACC0084,7753,2026-03-28T00:59:33.609567,merchant_payment,web
TXN000580,ACC0043,ACC0163,3407,2026-01-20T21:49:17.295587,wallet_transfer,web
TXN000315,ACC0085,ACC0078,19586,2026-06-09T04:48:30.095172,wallet_transfer,mobile
TXN000570,ACC0037,ACC0199,4134,2026-02-23T15:03:06.094578,wallet_transfer,api
TXN000646,ACC0185,ACC0007,16797,2026-06-19T01:16:00.296834,bank_transfer,mobile
TXN000436,ACC0102,ACC0008,6965,2026-05-28T23:41:38.612305,merchant_payment,mobile
TXN000806,ACC0010,ACC0023,2458,2026-06-03T13:57:06.516619,merchant_payment,api
TXN000728,ACC0083,ACC0062,1412,2026-04-17T16:22:10.579950,merchant_payment,web
TXN000931,ACC0067,ACC0242,6903,2026-06-22T04:00:00,merchant_payment,mobile
TXN000252,ACC0075,ACC0165,10399,2026-05-07T23:17:16.820483,merchant_payment,api
TXN000796,ACC0083,ACC0098,3101,2026-04-17T08:13:33.013151,merchant_payment,web
TXN000394,ACC0097,ACC0111,6586,2026-02-09T10:27:01.102429,merchant_payment,web
TXN000836,ACC0204,ACC0205,96700,2026-04-12T21:45:00,transfer,api
TXN000639,ACC0090,ACC0118,8757,2026-03-29T01:10:09.596101,transfer,mobile
TXN000771,ACC0038,ACC0016,7668,2026-05-12T03:41:29.434289,merchant_payment,mobile
TXN000064,ACC0113,ACC0026,17734,2026-03-09T08:20:11.335362,bank_transfer,mobile
TXN000118,ACC0038,ACC0017,4635,2026-03-30T06:42:56.115219,transfer,web
TXN000084,ACC0065,ACC0174,4981,2026-05-14T23:10:24.866999,merchant_payment,api
TXN000744,ACC0180,ACC0028,2536,2026-06-22T02:12:45.458768,merchant_payment,mobile
TXN000113,ACC0115,ACC0200,12363,2026-06-14T19:17:14.216101,merchant_payment,mobile
TXN000684,ACC0167,ACC0010,5865,2026-06-11T22:36:31.402966,merchant_payment,branch
TXN000516,ACC0063,ACC0012,15958,2026-02-20T12:49:49.178227,merchant_payment,branch
TXN000605,ACC0122,ACC0147,8221,2026-05-20T18:23:21.473078,merchant_payment,mobile
TXN000526,ACC0063,ACC0039,708,2026-04-27T14:45:43.323951,bank_transfer,mobile
TXN000328,ACC0119,ACC0173,10598,2026-01-23T10:16:44.624009,wallet_transfer,mobile
TXN000837,ACC0204,ACC0205,111493,2026-04-12T23:36:00,transfer,mobile
TXN000435,ACC0104,ACC0162,6544,2026-01-13T07:21:25.746364,transfer,web
TXN000004,ACC0087,ACC0008,16697,2026-06-04T17:59:41.859161,wallet_transfer,mobile
TXN000319,ACC0076,ACC0095,7736,2026-06-25T09:21:34.446006,transfer,mobile
TXN000752,ACC0150,ACC0124,4173,2026-06-16T00:11:28.389519,merchant_payment,web
TXN000352,ACC0144,ACC0106,14148,2026-04-02T07:40:37.741336,merchant_payment,mobile
TXN000050,ACC0062,ACC0182,5689,2026-01-16T06:19:02.911322,merchant_payment,mobile
TXN000703,ACC0200,ACC0131,1817,2026-05-13T03:40:53.740995,merchant_payment,api
TXN000219,ACC0084,ACC0170,10187,2026-04-30T07:38:21.270731,merchant_payment,web
TXN000122,ACC0116,ACC0059,14059,2026-02-01T07:25:01.750416,merchant_payment,mobile
TXN000701,ACC0200,ACC0131,3096,2026-05-01T03:40:53.740995,merchant_payment,web
TXN000667,ACC0023,ACC0034,4304,2026-06-20T00:49:02.514182,merchant_payment,mobile
TXN000916,ACC0170,ACC0240,11056,2026-06-19T05:00:00,transfer,api
TXN000630,ACC0102,ACC0163,4559,2026-04-26T10:10:00.237704,merchant_payment,mobile
TXN000264,ACC0168,ACC0173,15920,2026-01-09T07:06:11.021009,transfer,mobile
TXN000232,ACC0019,ACC0116,6157,2026-03-17T21:08:44.317818,wallet_transfer,mobile
TXN000657,ACC0191,ACC0079,4868,2026-06-25T19:36:54.681052,merchant_payment,api
TXN000508,ACC0003,ACC0042,16766,2026-06-02T10:23:48.497342,bank_transfer,web
TXN000713,ACC0188,ACC0024,1926,2026-07-23T09:25:58.961995,merchant_payment,mobile
TXN000501,ACC0103,ACC0022,18082,2026-04-30T08:52:37.770050,merchant_payment,mobile
TXN000672,ACC0023,ACC0034,2853,2026-08-19T00:49:02.514182,merchant_payment,web
TXN000872,ACC0232,ACC0226,88490,2026-06-01T02:35:00,transfer,web
TXN000675,ACC0089,ACC0080,3442,2026-06-16T14:02:19.339839,merchant_payment,branch
TXN000403,ACC0063,ACC0147,17575,2026-03-09T08:47:32.398248,transfer,mobile
TXN000153,ACC0135,ACC0021,13468,2026-05-01T14:44:19.214009,wallet_transfer,api
TXN000566,ACC0024,ACC0015,8122,2026-05-28T02:03:12.110788,merchant_payment,mobile
TXN000266,ACC0196,ACC0104,12491,2026-06-28T16:48:56.861017,transfer,mobile
TXN000304,ACC0010,ACC0045,14193,2026-02-06T12:20:55.802873,wallet_transfer,mobile
TXN000764,ACC0164,ACC0083,5606,2026-04-08T00:14:34.944192,merchant_payment,web
TXN000594,ACC0101,ACC0147,18511,2026-06-03T08:07:12.046217,wallet_transfer,mobile
TXN000929,ACC0242,ACC0146,7527,2026-06-19T17:00:00,transfer,mobile
TXN000742,ACC0180,ACC0028,5033,2026-05-31T02:12:45.458768,merchant_payment,mobile
TXN000513,ACC0015,ACC0128,19075,2026-03-29T04:59:18.526672,transfer,mobile
TXN000201,ACC0153,ACC0138,1038,2026-04-18T12:41:15.835668,merchant_payment,web
TXN000228,ACC0081,ACC0167,9632,2026-03-09T07:34:56.956676,transfer,mobile
TXN000301,ACC0122,ACC0123,7035,2026-06-24T21:24:09.767098,wallet_transfer,mobile
TXN000503,ACC0040,ACC0138,11206,2026-02-27T04:28:52.404010,merchant_payment,web
TXN000549,ACC0013,ACC0044,19305,2026-03-10T18:08:29.567748,merchant_payment,web
TXN000486,ACC0157,ACC0167,5877,2026-05-01T15:56:14.663520,merchant_payment,web
TXN000927,ACC0242,ACC0190,8749,2026-06-19T06:00:00,transfer,mobile
TXN000404,ACC0036,ACC0069,10367,2026-04-02T06:41:11.298322,transfer,mobile
TXN000078,ACC0065,ACC0117,10399,2026-04-05T01:04:13.655391,transfer,mobile
TXN000811,ACC0162,ACC0104,7192,2026-05-05T14:28:12.690389,merchant_payment,api
TXN000935,ACC0243,ACC0038,11495,2026-06-21T00:00:00,merchant_payment,web
TXN000200,ACC0160,ACC0118,2558,2026-03-12T02:56:29.988888,transfer,api
TXN000428,ACC0027,ACC0076,14130,2026-05-12T04:49:14.244767,bank_transfer,mobile
TXN000598,ACC0030,ACC0079,13524,2026-01-15T08:22:54.772737,merchant_payment,api
TXN000314,ACC0002,ACC0067,13068,2026-06-23T16:59:03.804750,transfer,api
TXN000211,ACC0199,ACC0118,1711,2026-06-09T07:37:49.702781,transfer,mobile
TXN000589,ACC0020,ACC0141,3550,2026-05-26T09:40:38.497310,merchant_payment,branch
TXN000476,ACC0034,ACC0167,10391,2026-02-20T07:47:30.472216,transfer,branch
TXN000831,ACC0202,ACC0204,118349,2026-04-12T12:41:00,wallet_transfer,api
TXN000364,ACC0057,ACC0190,5281,2026-05-01T21:59:31.266040,transfer,web
TXN000368,ACC0186,ACC0165,16575,2026-01-10T02:34:36.146920,merchant_payment,api
TXN000143,ACC0012,ACC0057,13451,2026-01-09T13:18:16.336205,bank_transfer,mobile
TXN000018,ACC0075,ACC0179,4637,2026-04-24T00:18:29.366304,merchant_payment,api
TXN000775,ACC0098,ACC0100,5523,2026-04-23T13:37:50.146605,merchant_payment,mobile
TXN000447,ACC0036,ACC0048,10808,2026-06-07T15:01:56.217966,wallet_transfer,web
TXN000145,ACC0075,ACC0084,4431,2026-01-12T13:32:23.488703,transfer,api
TXN000343,ACC0056,ACC0194,2349,2026-01-16T04:26:40.216940,transfer,branch
TXN000038,ACC0148,ACC0151,1179,2026-03-26T19:30:17.944728,bank_transfer,web
TXN000885,ACC0226,ACC0227,20245,2026-06-01T02:29:00,wallet_transfer,web
TXN000111,ACC0151,ACC0083,1017,2026-04-05T11:59:01.382759,transfer,mobile
TXN000298,ACC0136,ACC0058,8129,2026-05-31T20:35:02.207691,transfer,mobile
TXN000390,ACC0036,ACC0177,3069,2026-05-08T04:24:59.523031,merchant_payment,branch
TXN000839,ACC0205,ACC0206,272539,2026-04-13T07:29:00,bank_transfer,web
TXN000460,ACC0053,ACC0016,19180,2026-02-23T01:46:54.662596,merchant_payment,mobile
TXN000234,ACC0141,ACC0139,10014,2026-03-30T08:15:38.556971,wallet_transfer,api
TXN000225,ACC0094,ACC0093,13045,2026-02-17T03:41:36.158360,bank_transfer,mobile
TXN000052,ACC0119,ACC0031,5545,2026-01-05T20:28:58.345837,merchant_payment,web
TXN000933,ACC0243,ACC0167,5663,2026-06-21T02:00:00,merchant_payment,web
TXN000919,ACC0109,ACC0240,9859,2026-06-19T09:00:00,merchant_payment,mobile
TXN000410,ACC0167,ACC0153,4960,2026-02-03T21:07:17.285162,merchant_payment,web
TXN000732,ACC0083,ACC0062,3589,2026-07-02T16:22:10.579950,merchant_payment,mobile
TXN000379,ACC0102,ACC0021,12724,2026-02-11T11:26:26.962457,bank_transfer,web
TXN000529,ACC0061,ACC0108,16622,2026-04-09T15:21:58.635460,bank_transfer,branch
TXN000053,ACC0131,ACC0181,9459,2026-04-03T19:00:37.097113,merchant_payment,web
TXN000034,ACC0074,ACC0113,4574,2026-06-02T17:16:31.634157,merchant_payment,mobile
TXN000883,ACC0225,ACC0227,68952,2026-06-01T06:50:00,wallet_transfer,mobile
TXN000115,ACC0169,ACC0134,10383,2026-03-07T00:31:09.816679,merchant_payment,branch
TXN000085,ACC0166,ACC0011,10623,2026-03-30T12:44:05.121393,wallet_transfer,mobile
TXN000265,ACC0028,ACC0111,4888,2026-03-12T16:17:18.114146,wallet_transfer,api
TXN000846,ACC0220,ACC0214,77028,2026-05-07T04:33:00,transfer,mobile
TXN000338,ACC0064,ACC0118,11842,2026-06-01T07:00:17.402646,transfer,mobile
TXN000509,ACC0185,ACC0067,5971,2026-01-07T15:25:40.749046,merchant_payment,api
TXN000469,ACC0199,ACC0188,3552,2026-01-15T08:12:23.103802,wallet_transfer,web
TXN000147,ACC0144,ACC0172,12105,2026-02-03T21:45:43.815490,transfer,api
TXN000543,ACC0008,ACC0104,15317,2026-03-29T08:55:47.079661,merchant_payment,web
TXN000564,ACC0180,ACC0091,19100,2026-02-22T17:48:14.443882,merchant_payment,web
TXN000059,ACC0196,ACC0140,12860,2026-04-11T18:53:09.865079,merchant_payment,mobile
TXN000535,ACC0101,ACC0180,11190,2026-01-02T12:23:56.171134,merchant_payment,mobile
TXN000161,ACC0114,ACC0162,10422,2026-04-20T15:37:23.686523,wallet_transfer,web
TXN000692,ACC0027,ACC0131,1933,2026-04-17T22:29:36.147035,merchant_payment,api
TXN000274,ACC0082,ACC0042,13376,2026-03-22T12:21:33.298913,bank_transfer,api
TXN000174,ACC0037,ACC0090,10665,2026-02-07T22:08:44.635419,bank_transfer,web
TXN000134,ACC0080,ACC0087,12002,2026-03-29T16:28:45.323583,transfer,api
TXN000857,ACC0214,ACC0216,22942,2026-05-08T08:00:00,transfer,mobile
TXN000779,ACC0098,ACC0100,7358,2026-06-06T13:37:50.146605,merchant_payment,web
TXN000669,ACC0023,ACC0034,6985,2026-07-12T00:49:02.514182,merchant_payment,mobile
TXN000518,ACC0168,ACC0108,7856,2026-06-26T00:25:21.298352,merchant_payment,mobile
TXN000169,ACC0182,ACC0113,14898,2026-03-25T02:59:27.697219,merchant_payment,web
TXN000659,ACC0191,ACC0079,4384,2026-08-13T19:36:54.681052,merchant_payment,mobile
TXN000230,ACC0031,ACC0068,9029,2026-05-05T00:12:59.925147,wallet_transfer,mobile
TXN000697,ACC0052,ACC0092,3708,2026-07-06T15:21:35.863723,merchant_payment,mobile
TXN000039,ACC0069,ACC0148,1818,2026-03-08T01:45:49.396071,wallet_transfer,mobile
TXN000691,ACC0053,ACC0178,4431,2026-05-25T14:20:25.023644,merchant_payment,api
TXN000144,ACC0053,ACC0078,7421,2026-04-15T12:12:12.141632,wallet_transfer,api
TXN000686,ACC0167,ACC0010,6650,2026-06-23T22:36:31.402966,merchant_payment,mobile
TXN000833,ACC0203,ACC0204,87908,2026-04-12T12:47:00,wallet_transfer,web
TXN000871,ACC0231,ACC0225,98419,2026-06-01T03:17:00,wallet_transfer,mobile
TXN000032,ACC0166,ACC0039,9204,2026-05-15T16:00:21.790277,wallet_transfer,mobile
TXN000853,ACC0216,ACC0217,20864,2026-05-09T17:00:00,transfer,mobile
TXN000558,ACC0008,ACC0200,9705,2026-03-19T12:04:26.880585,transfer,branch
TXN000121,ACC0180,ACC0030,18566,2026-01-27T12:20:35.111664,wallet_transfer,mobile
TXN000749,ACC0101,ACC0056,5086,2026-05-30T12:37:22.687277,merchant_payment,mobile
TXN000863,ACC0214,ACC0215,64914,2026-05-07T09:42:00,bank_transfer,web
TXN000181,ACC0198,ACC0139,17753,2026-04-23T03:42:43.531759,transfer,mobile
TXN000178,ACC0131,ACC0093,1097,2026-01-29T10:06:15.683279,merchant_payment,mobile
TXN000716,ACC0186,ACC0016,2484,2026-06-18T07:46:48.344419,merchant_payment,web
TXN000081,ACC0102,ACC0071,765,2026-06-22T06:26:06.405245,merchant_payment,web
TXN000401,ACC0024,ACC0153,11130,2026-03-28T08:12:43.112412,wallet_transfer,mobile
TXN000251,ACC0147,ACC0107,1492,2026-04-11T14:29:21.289410,merchant_payment,web
TXN000541,ACC0038,ACC0024,8633,2026-06-17T11:25:18.730612,bank_transfer,mobile
TXN000327,ACC0034,ACC0132,14112,2026-01-07T10:09:18.048019,merchant_payment,mobile
TXN000272,ACC0010,ACC0036,11413,2026-05-30T03:23:17.277828,wallet_transfer,web
TXN000860,ACC0213,ACC0215,57152,2026-05-07T09:33:00,transfer,mobile
TXN000021,ACC0030,ACC0017,13630,2026-03-24T14:47:26.253199,merchant_payment,web
TXN000429,ACC0187,ACC0037,11914,2026-05-23T20:38:17.831463,merchant_payment,web
TXN000888,ACC0227,ACC0228,41403,2026-06-01T22:15:00,transfer,mobile
TXN000648,ACC0147,ACC0049,11744,2026-04-25T00:34:17.999417,wallet_transfer,mobile
TXN000380,ACC0063,ACC0179,7900,2026-04-16T07:11:36.978075,transfer,api
TXN000096,ACC0119,ACC0180,10402,2026-03-25T08:03:34.931210,merchant_payment,mobile
TXN000363,ACC0053,ACC0095,10753,2026-05-04T03:30:30.166080,merchant_payment,web
TXN000603,ACC0139,ACC0106,19824,2026-05-31T14:02:55.841077,transfer,mobile
TXN000923,ACC0121,ACC0241,6995,2026-06-20T04:00:00,merchant_payment,mobile
TXN000507,ACC0190,ACC0045,4413,2026-01-26T03:07:01.624469,transfer,mobile
TXN000579,ACC0085,ACC0191,3049,2026-02-04T23:15:01.526297,transfer,branch
TXN000524,ACC0160,ACC0063,15701,2026-04-14T00:24:46.737489,merchant_payment,branch
TXN000608,ACC0045,ACC0043,7443,2026-03-23T05:35:28.572207,wallet_transfer,mobile
TXN000119,ACC0141,ACC0183,11155,2026-04-21T06:11:29.165403,merchant_payment,web
TXN000551,ACC0055,ACC0048,9510,2026-04-13T09:35:41.385563,transfer,api
TXN000735,ACC0128,ACC0191,5164,2026-05-15T10:19:23.950496,merchant_payment,web
TXN000561,ACC0189,ACC0015,7689,2026-06-15T07:00:10.882288,merchant_payment,branch
TXN000903,ACC0240,ACC0241,42280,2026-06-19T12:05:00,transfer,api
TXN000880,ACC0224,ACC0227,25603,2026-06-01T05:51:00,wallet_transfer,mobile
TXN000640,ACC0134,ACC0160,13513,2026-04-19T19:38:13.439704,merchant_payment,mobile
TXN000199,ACC0061,ACC0078,4492,2026-05-24T14:52:48.460268,transfer,mobile
TXN000770,ACC0038,ACC0016,7173,2026-04-26T03:41:29.434289,merchant_payment,web
TXN000005,ACC0055,ACC0091,8965,2026-06-19T07:50:16.146750,merchant_payment,api
TXN000852,ACC0214,ACC0217,73194,2026-05-08T22:00:00,wallet_transfer,web
TXN000434,ACC0085,ACC0144,14471,2026-05-06T19:08:47.472540,bank_transfer,mobile
TXN000515,ACC0190,ACC0131,584,2026-04-09T19:19:24.877973,transfer,api
TXN000340,ACC0158,ACC0197,1012,2026-01-19T05:48:02.657881,transfer,mobile
TXN000146,ACC0045,ACC0034,12958,2026-02-17T23:40:54.014852,merchant_payment,mobile
TXN000031,ACC0161,ACC0151,6982,2026-02-11T08:59:27.751820,merchant_payment,web
TXN000088,ACC0094,ACC0136,16942,2026-03-31T06:36:50.691507,bank_transfer,api
TXN000131,ACC0030,ACC0196,9628,2026-05-28T12:15:56.732008,merchant_payment,api
TXN000342,ACC0013,ACC0063,1949,2026-05-30T07:02:33.570988,merchant_payment,mobile
TXN000621,ACC0080,ACC0072,16609,2026-06-20T05:39:30.204329,wallet_transfer,web
TXN000729,ACC0083,ACC0062,4303,2026-05-04T16:22:10.579950,merchant_payment,api
TXN000858,ACC0217,ACC0214,37658,2026-05-09T18:00:00,transfer,api
TXN000679,ACC0135,ACC0087,7651,2026-06-22T00:51:33.280368,merchant_payment,mobile
TXN000813,ACC0162,ACC0104,5119,2026-06-24T14:28:12.690389,merchant_payment,mobile
TXN000618,ACC0037,ACC0159,13663,2026-03-01T15:37:58.707286,transfer,api
TXN000392,ACC0155,ACC0197,13499,2026-05-06T13:23:22.458976,bank_transfer,mobile
TXN000592,ACC0049,ACC0105,18657,2026-05-24T22:57:17.156254,wallet_transfer,api
TXN000268,ACC0130,ACC0116,18517,2026-04-06T06:44:38.208166,transfer,branch
TXN000280,ACC0150,ACC0123,6087,2026-04-20T09:54:15.925304,merchant_payment,web
TXN000759,ACC0196,ACC0064,6831,2026-08-13T15:47:24.301672,merchant_payment,api
TXN000546,ACC0096,ACC0176,3253,2026-02-24T05:25:32.477413,merchant_payment,mobile
TXN000757,ACC0196,ACC0064,5935,2026-07-20T15:47:24.301672,merchant_payment,web
TXN000108,ACC0199,ACC0038,592,2026-03-09T06:04:55.491317,transfer,branch
TXN000170,ACC0094,ACC0096,9769,2026-04-18T19:22:28.850979,merchant_payment,api
TXN000747,ACC0101,ACC0056,7325,2026-05-10T12:37:22.687277,merchant_payment,api
TXN000690,ACC0053,ACC0178,6101,2026-05-20T14:20:25.023644,merchant_payment,web
TXN000231,ACC0157,ACC0074,16595,2026-05-18T09:28:42.998284,transfer,mobile
TXN000350,ACC0048,ACC0194,18126,2026-05-05T11:01:24.862162,merchant_payment,api
TXN000057,ACC0186,ACC0077,19732,2026-04-18T16:57:24.721747,merchant_payment,web
TXN000176,ACC0144,ACC0097,11263,2026-04-03T06:49:59.349452,wallet_transfer,web
TXN000814,ACC0162,ACC0104,5968,2026-06-30T14:28:12.690389,merchant_payment,mobile
TXN000148,ACC0011,ACC0112,1114,2026-06-23T23:35:22.609008,merchant_payment,mobile
TXN000855,ACC0214,ACC0215,98908,2026-05-07T16:00:00,transfer,mobile
TXN000850,ACC0217,ACC0215,129428,2026-05-08T10:00:00,transfer,mobile
TXN000569,ACC0083,ACC0016,1218,2026-02-04T07:59:56.447849,transfer,web
TXN000427,ACC0177,ACC0129,5439,2026-04-05T13:28:12.473964,merchant_payment,mobile
TXN000362,ACC0120,ACC0026,15884,2026-06-17T03:12:45.790497,wallet_transfer,mobile
TXN000615,ACC0026,ACC0028,18938,2026-03-28T14:36:22.875708,wallet_transfer,api
TXN000676,ACC0089,ACC0080,6962,2026-07-31T14:02:19.339839,merchant_payment,web
TXN000635,ACC0174,ACC0053,9317,2026-05-24T13:06:04.069591,merchant_payment,web
TXN000103,ACC0166,ACC0092,2484,2026-06-01T18:38:53.484213,merchant_payment,mobile
TXN000571,ACC0019,ACC0096,13462,2026-04-27T03:22:35.418896,merchant_payment,mobile
TXN000820,ACC0196,ACC0113,2009,2026-07-14T04:19:36.625271,merchant_payment,mobile
TXN000799,ACC0115,ACC0125,6337,2026-04-03T23:56:31.648737,merchant_payment,mobile
TXN000075,ACC0060,ACC0119,8822,2026-05-27T16:15:10.965343,merchant_payment,web
TXN000708,ACC0011,ACC0075,6093,2026-06-28T06:41:08.785036,merchant_payment,mobile
TXN000577,ACC0101,ACC0198,19095,2026-01-11T10:24:37.987214,transfer,web
TXN000816,ACC0196,ACC0113,2280,2026-06-19T04:19:36.625271,merchant_payment,web
TXN000180,ACC0040,ACC0020,10192,2026-03-29T03:45:17.572732,wallet_transfer,mobile
TXN000892,ACC0227,ACC0228,106918,2026-06-02T00:07:00,transfer,web
TXN000851,ACC0216,ACC0215,97028,2026-05-07T10:00:00,wallet_transfer,mobile
TXN000724,ACC0133,ACC0134,2217,2026-05-30T01:51:07.290600,merchant_payment,api
TXN000336,ACC0001,ACC0194,1244,2026-04-05T11:17:53.585970,bank_transfer,web
TXN000408,ACC0002,ACC0102,11386,2026-06-05T06:41:19.308769,wallet_transfer,mobile
TXN000177,ACC0190,ACC0176,17748,2026-03-19T01:30:52.037069,transfer,web
TXN000627,ACC0146,ACC0008,6193,2026-06-06T23:00:04.017738,transfer,api
TXN000908,ACC0239,ACC0124,5224,2026-06-19T13:00:00,merchant_payment,web
TXN000442,ACC0045,ACC0173,10246,2026-04-13T08:42:43.741431,bank_transfer,web
TXN000484,ACC0077,ACC0036,13041,2026-01-06T15:47:48.187706,wallet_transfer,api
TXN000217,ACC0133,ACC0069,3207,2026-01-23T17:01:10.449115,wallet_transfer,mobile
TXN000212,ACC0052,ACC0011,10841,2026-03-17T01:21:13.551296,bank_transfer,web
TXN000344,ACC0060,ACC0188,19377,2026-06-19T03:37:54.321924,merchant_payment,web
TXN000734,ACC0128,ACC0191,7765,2026-04-22T10:19:23.950496,merchant_payment,mobile
TXN000046,ACC0001,ACC0169,18279,2026-01-27T16:48:25.951874,merchant_payment,mobile
TXN000520,ACC0031,ACC0129,2225,2026-02-03T08:47:53.824965,transfer,api
TXN000753,ACC0150,ACC0124,5129,2026-07-08T00:11:28.389519,merchant_payment,api
TXN000166,ACC0167,ACC0049,11035,2026-02-19T02:43:45.903776,merchant_payment,web
TXN000221,ACC0091,ACC0158,14752,2026-02-28T08:41:43.465914,transfer,branch
TXN000137,ACC0088,ACC0041,12625,2026-06-01T12:08:12.423939,merchant_payment,mobile
TXN000037,ACC0007,ACC0024,8001,2026-06-09T12:28:00.420508,bank_transfer,api
TXN000723,ACC0133,ACC0134,3832,2026-05-16T01:51:07.290600,merchant_payment,web
TXN000127,ACC0144,ACC0085,4505,2026-03-08T16:48:11.228433,merchant_payment,api
TXN000425,ACC0192,ACC0133,18784,2026-06-30T16:49:36.651699,merchant_payment,web
TXN000842,ACC0205,ACC0204,52854,2026-04-14T11:00:00,merchant_payment,mobile
TXN000288,ACC0185,ACC0175,9162,2026-06-30T22:15:00.220801,merchant_payment,mobile
TXN000101,ACC0072,ACC0009,12641,2026-04-06T08:19:51.405085,transfer,mobile
TXN000437,ACC0002,ACC0181,7538,2026-03-29T06:39:01.127524,transfer,api
TXN000873,ACC0233,ACC0224,61405,2026-06-01T06:14:00,wallet_transfer,mobile
TXN000203,ACC0062,ACC0147,14150,2026-05-19T13:50:58.059043,transfer,web
TXN000463,ACC0025,ACC0035,13987,2026-02-01T15:55:34.727793,bank_transfer,branch
TXN000585,ACC0097,ACC0026,16211,2026-01-29T14:57:12.804383,wallet_transfer,web
TXN000287,ACC0118,ACC0137,11717,2026-01-30T20:09:40.920745,merchant_payment,web
TXN000527,ACC0139,ACC0089,814,2026-02-27T05:44:12.974829,bank_transfer,mobile
TXN000070,ACC0112,ACC0026,3793,2026-04-04T08:58:47.320482,merchant_payment,web
TXN000067,ACC0173,ACC0137,12952,2026-05-14T11:32:23.616815,bank_transfer,web
TXN000417,ACC0018,ACC0105,16861,2026-03-21T07:11:06.026918,transfer,mobile
TXN000440,ACC0126,ACC0136,10769,2026-03-03T17:42:58.486979,merchant_payment,web
TXN000826,ACC0210,ACC0201,88990,2026-04-12T09:49:00,wallet_transfer,mobile
TXN000725,ACC0143,ACC0157,6270,2026-05-28T06:18:45.100770,merchant_payment,branch
TXN000918,ACC0196,ACC0240,7518,2026-06-20T09:00:00,transfer,mobile
TXN000881,ACC0224,ACC0227,48314,2026-06-01T06:25:00,wallet_transfer,mobile
TXN000474,ACC0118,ACC0005,4571,2026-02-19T15:28:50.622820,bank_transfer,mobile
TXN000281,ACC0199,ACC0098,5342,2026-04-05T08:18:53.597910,wallet_transfer,mobile
TXN000651,ACC0047,ACC0076,2048,2026-05-28T14:33:00.103839,merchant_payment,api
TXN000382,ACC0142,ACC0122,2338,2026-05-26T08:50:45.761314,merchant_payment,web
TXN000848,ACC0218,ACC0214,87880,2026-05-08T23:00:00,wallet_transfer,web
TXN000244,ACC0078,ACC0043,5807,2026-05-17T02:33:26.361882,merchant_payment,web
TXN000043,ACC0085,ACC0106,16735,2026-04-21T16:37:53.462734,transfer,branch
TXN000173,ACC0065,ACC0186,5427,2026-01-22T01:01:22.411396,merchant_payment,web
TXN000068,ACC0195,ACC0125,18228,2026-02-23T21:06:58.939654,transfer,mobile
TXN000076,ACC0120,ACC0074,18410,2026-04-23T00:38:07.507463,transfer,mobile
TXN000411,ACC0178,ACC0052,16196,2026-01-26T02:31:16.317388,merchant_payment,branch
TXN000149,ACC0081,ACC0148,14566,2026-04-20T09:13:28.194507,merchant_payment,web
TXN000559,ACC0136,ACC0092,19636,2026-02-14T14:54:25.345924,bank_transfer,branch
TXN000478,ACC0167,ACC0043,2196,2026-06-06T19:19:26.433678,merchant_payment,mobile
TXN000047,ACC0133,ACC0093,16834,2026-04-09T10:49:47.712637,merchant_payment,api
TXN000259,ACC0158,ACC0108,8635,2026-06-18T03:43:22.523832,bank_transfer,api
TXN000295,ACC0114,ACC0168,8903,2026-01-14T20:25:34.257965,wallet_transfer,mobile
TXN000455,ACC0195,ACC0185,14962,2026-05-03T16:11:35.049972,merchant_payment,branch
TXN000386,ACC0176,ACC0072,18294,2026-03-14T08:51:25.584200,merchant_payment,mobile
TXN000229,ACC0189,ACC0048,16852,2026-02-21T02:25:17.562870,merchant_payment,branch
TXN000202,ACC0184,ACC0037,10044,2026-05-15T22:49:20.145573,merchant_payment,web
TXN000451,ACC0195,ACC0057,10071,2026-04-29T08:14:44.563942,transfer,mobile
TXN000345,ACC0173,ACC0083,8262,2026-03-29T06:43:10.421997,merchant_payment,mobile
TXN000026,ACC0159,ACC0016,3751,2026-03-09T02:36:41.911674,bank_transfer,mobile
TXN000079,ACC0124,ACC0028,8272,2026-03-23T19:40:20.342584,merchant_payment,mobile
TXN000604,ACC0100,ACC0134,14217,2026-01-24T10:52:26.121801,bank_transfer,web
TXN000358,ACC0055,ACC0049,4344,2026-02-16T10:41:03.388743,wallet_transfer,api
TXN000917,ACC0096,ACC0240,9066,2026-06-22T06:00:00,merchant_payment,web
TXN000805,ACC0172,ACC0162,4761,2026-06-25T01:06:44.040966,merchant_payment,web
TXN000077,ACC0089,ACC0151,10302,2026-02-01T08:26:38.921204,merchant_payment,mobile
TXN000601,ACC0120,ACC0068,7913,2026-06-02T23:26:59.006047,wallet_transfer,web
TXN000277,ACC0095,ACC0085,4091,2026-05-27T04:53:26.906562,bank_transfer,web
TXN000164,ACC0024,ACC0158,19966,2026-02-04T05:44:22.329884,merchant_payment,web
TXN000689,ACC0053,ACC0178,4447,2026-05-07T14:20:25.023644,merchant_payment,web
TXN000895,ACC0229,ACC0237,100636,2026-06-02T21:00:00,bank_transfer,branch
TXN000157,ACC0051,ACC0045,5509,2026-06-30T04:47:29.610307,wallet_transfer,web
TXN000028,ACC0020,ACC0041,587,2026-03-20T14:17:16.575308,merchant_payment,web
TXN000808,ACC0010,ACC0023,4339,2026-06-29T13:57:06.516619,merchant_payment,mobile
TXN000324,ACC0130,ACC0052,19266,2026-03-26T02:13:30.773004,merchant_payment,mobile
TXN000710,ACC0188,ACC0024,4739,2026-06-30T09:25:58.961995,merchant_payment,mobile
TXN000709,ACC0188,ACC0024,2498,2026-06-13T09:25:58.961995,merchant_payment,mobile
TXN000006,ACC0180,ACC0071,18712,2026-06-30T11:25:56.560216,transfer,branch
TXN000309,ACC0029,ACC0085,5824,2026-01-21T15:55:43.001817,wallet_transfer,web
TXN000335,ACC0101,ACC0136,4672,2026-06-23T11:31:31.326143,wallet_transfer,mobile
TXN000812,ACC0162,ACC0104,6741,2026-05-09T14:28:12.690389,merchant_payment,api
TXN000117,ACC0183,ACC0114,2908,2026-03-31T03:14:31.022709,wallet_transfer,mobile
TXN000444,ACC0047,ACC0096,5132,2026-02-17T21:19:40.965436,merchant_payment,mobile
TXN000663,ACC0039,ACC0036,6169,2026-05-27T13:35:19.387382,merchant_payment,branch
TXN000574,ACC0178,ACC0158,12192,2026-04-24T14:17:46.790845,transfer,web
TXN000920,ACC0241,ACC0176,8490,2026-06-19T20:00:00,merchant_payment,mobile
TXN000419,ACC0019,ACC0115,16203,2026-01-28T18:02:41.771969,merchant_payment,web
TXN000179,ACC0055,ACC0088,16434,2026-01-19T20:00:35.465199,transfer,branch
TXN000685,ACC0167,ACC0010,6354,2026-06-21T22:36:31.402966,merchant_payment,api
TXN000847,ACC0221,ACC0213,64649,2026-05-07T02:26:00,wallet_transfer,mobile
TXN000029,ACC0121,ACC0075,1569,2026-01-03T08:52:25.439201,transfer,web
TXN000801,ACC0115,ACC0125,6135,2026-04-13T23:56:31.648737,merchant_payment,mobile
TXN000644,ACC0183,ACC0167,10290,2026-01-18T22:51:16.941435,transfer,web
TXN000196,ACC0074,ACC0121,5047,2026-04-07T20:48:26.502550,wallet_transfer,web
TXN000458,ACC0031,ACC0199,8264,2026-06-11T15:12:43.848998,transfer,api
TXN000414,ACC0030,ACC0145,7047,2026-01-20T11:26:14.210624,merchant_payment,web
TXN000841,ACC0206,ACC0212,224597,2026-04-14T16:00:00,bank_transfer,web
TXN000490,ACC0036,ACC0064,9575,2026-02-01T13:03:11.552297,merchant_payment,mobile
TXN000477,ACC0071,ACC0024,12310,2026-03-23T13:57:39.724701,transfer,mobile
TXN000610,ACC0038,ACC0153,8950,2026-01-08T12:45:52.054501,merchant_payment,web
TXN000305,ACC0010,ACC0102,16732,2026-06-18T20:21:49.652310,transfer,api
TXN000491,ACC0154,ACC0185,9836,2026-01-21T01:00:00.852213,wallet_transfer,web
TXN000693,ACC0027,ACC0131,2627,2026-05-07T22:29:36.147035,merchant_payment,web
TXN000296,ACC0138,ACC0070,18916,2026-01-18T17:30:59.417320,merchant_payment,mobile
TXN000360,ACC0083,ACC0199,9775,2026-01-30T13:54:03.080941,merchant_payment,web
TXN000582,ACC0178,ACC0018,11984,2026-05-11T05:38:47.293270,transfer,mobile
TXN000623,ACC0083,ACC0069,14156,2026-02-17T02:18:39.737691,merchant_payment,mobile
TXN000793,ACC0093,ACC0076,1939,2026-05-07T19:45:49.153535,merchant_payment,web
TXN000250,ACC0021,ACC0012,19399,2026-03-04T10:03:05.385803,transfer,mobile
TXN000089,ACC0066,ACC0124,10171,2026-01-13T19:33:36.782302,wallet_transfer,mobile
TXN000248,ACC0149,ACC0040,6109,2026-02-10T02:27:33.017200,merchant_payment,web
TXN000681,ACC0135,ACC0087,2730,2026-07-08T00:51:33.280368,merchant_payment,api
TXN000167,ACC0016,ACC0116,3891,2026-05-12T20:29:13.083705,wallet_transfer,api
TXN000371,ACC0020,ACC0172,2089,2026-04-01T02:54:37.554056,wallet_transfer,mobile
TXN000040,ACC0133,ACC0167,14990,2026-02-26T11:38:17.378318,bank_transfer,mobile
TXN000856,ACC0215,ACC0213,83113,2026-05-09T14:00:00,wallet_transfer,mobile
TXN000112,ACC0190,ACC0108,17738,2026-03-11T05:44:25.202789,transfer,mobile
TXN000625,ACC0096,ACC0015,17384,2026-02-07T06:29:09.921791,wallet_transfer,mobile
TXN000538,ACC0031,ACC0138,12240,2026-03-05T09:34:58.233072,bank_transfer,mobile
TXN000205,ACC0130,ACC0142,1166,2026-01-20T02:08:13.358609,merchant_payment,web
TXN000699,ACC0052,ACC0092,7842,2026-06-28T15:21:35.863723,merchant_payment,web
TXN000048,ACC0053,ACC0069,18496,2026-02-18T21:10:25.286031,transfer,mobile
TXN000154,ACC0057,ACC0086,6009,2026-02-22T12:31:26.349860,transfer,web
TXN000416,ACC0182,ACC0054,14867,2026-02-13T22:40:42.048715,wallet_transfer,api
TXN000132,ACC0144,ACC0197,18743,2026-05-12T03:30:16.006823,transfer,branch
TXN000120,ACC0076,ACC0117,17065,2026-04-02T19:56:08.782489,merchant_payment,mobile
TXN000128,ACC0193,ACC0109,2185,2026-05-11T14:44:51.721878,bank_transfer,web
TXN000299,ACC0184,ACC0121,3794,2026-06-16T04:50:19.562842,merchant_payment,mobile
TXN000867,ACC0217,ACC0218,169655,2026-05-08T22:00:00,bank_transfer,api
TXN000188,ACC0108,ACC0042,7043,2026-04-21T03:00:37.769626,wallet_transfer,mobile
TXN000136,ACC0008,ACC0024,17882,2026-01-31T12:35:01.833384,transfer,mobile
TXN000626,ACC0182,ACC0130,13718,2026-06-11T06:05:04.446629,transfer,api
TXN000492,ACC0169,ACC0078,7232,2026-01-13T23:34:59.398442,merchant_payment,web
TXN000591,ACC0156,ACC0112,5647,2026-03-26T23:07:00.833948,transfer,mobile
TXN000236,ACC0032,ACC0052,5050,2026-04-12T09:13:01.413152,transfer,web
TXN000613,ACC0180,ACC0160,19753,2026-04-06T07:19:15.595131,merchant_payment,mobile
TXN000049,ACC0179,ACC0125,4478,2026-06-11T00:58:14.860491,transfer,web
TXN000560,ACC0026,ACC0064,8402,2026-05-20T02:48:19.549479,transfer,api
TXN000495,ACC0153,ACC0019,17810,2026-01-07T05:53:47.132672,wallet_transfer,mobile
TXN000740,ACC0168,ACC0172,1017,2026-06-17T07:30:58.261374,merchant_payment,mobile
TXN000293,ACC0098,ACC0102,11809,2026-04-05T16:38:54.485785,bank_transfer,api
TXN000285,ACC0016,ACC0181,5024,2026-02-14T13:35:19.036469,merchant_payment,web
TXN000262,ACC0024,ACC0101,17062,2026-02-11T10:02:50.844323,merchant_payment,mobile
TXN000284,ACC0199,ACC0157,15953,2026-01-08T23:47:02.742661,wallet_transfer,api
TXN000471,ACC0102,ACC0056,14578,2026-02-12T13:54:05.393360,wallet_transfer,web
TXN000142,ACC0073,ACC0174,19935,2026-04-25T19:36:52.687860,merchant_payment,web
TXN000810,ACC0162,ACC0104,5381,2026-04-29T14:28:12.690389,merchant_payment,mobile
TXN000354,ACC0116,ACC0095,3529,2026-05-14T21:03:12.822656,merchant_payment,api
TXN000483,ACC0023,ACC0188,3856,2026-02-04T14:23:18.168456,transfer,mobile
TXN000421,ACC0180,ACC0138,19958,2026-01-29T10:02:51.386593,merchant_payment,mobile
TXN000396,ACC0022,ACC0069,5553,2026-03-02T01:53:03.781085,merchant_payment,api
TXN000012,ACC0079,ACC0065,8054,2026-05-13T02:32:44.130060,transfer,mobile
TXN000595,ACC0093,ACC0001,14511,2026-06-22T19:06:08.137026,transfer,api
TXN000439,ACC0094,ACC0084,6957,2026-03-24T11:22:22.146080,merchant_payment,mobile
TXN000588,ACC0019,ACC0088,6074,2026-02-27T14:00:40.608278,wallet_transfer,mobile
TXN000597,ACC0044,ACC0164,10062,2026-05-22T02:49:14.067401,bank_transfer,web
TXN000505,ACC0062,ACC0015,8511,2026-02-22T15:38:13.955463,transfer,mobile
TXN000308,ACC0127,ACC0035,17022,2026-03-16T18:49:17.705219,merchant_payment,mobile
TXN000007,ACC0022,ACC0062,13817,2026-03-26T12:39:56.447781,merchant_payment,api
TXN000310,ACC0184,ACC0048,961,2026-01-15T12:42:26.613631,wallet_transfer,api
TXN000866,ACC0215,ACC0217,130576,2026-05-07T18:36:00,transfer,api
TXN000017,ACC0137,ACC0033,9488,2026-01-20T12:11:40.730747,transfer,mobile
TXN000787,ACC0182,ACC0040,1597,2026-05-04T13:22:55.456142,merchant_payment,api
TXN000876,ACC0235,ACC0226,74162,2026-06-01T06:46:00,wallet_transfer,mobile
TXN000617,ACC0147,ACC0156,16000,2026-02-27T16:18:44.853564,transfer,mobile
TXN000906,ACC0242,ACC0243,199283,2026-06-20T03:00:00,bank_transfer,branch
TXN000459,ACC0177,ACC0090,14530,2026-03-12T02:13:36.167317,transfer,mobile
TXN000772,ACC0038,ACC0016,7081,2026-05-20T03:41:29.434289,merchant_payment,web
TXN000369,ACC0091,ACC0044,5086,2026-03-30T07:30:06.446839,wallet_transfer,web
TXN000261,ACC0132,ACC0120,16843,2026-01-14T00:49:39.257456,wallet_transfer,web
TXN000385,ACC0178,ACC0146,16081,2026-04-02T22:41:34.498916,transfer,branch
TXN000220,ACC0110,ACC0043,15045,2026-05-06T07:09:08.290368,merchant_payment,mobile
TXN000247,ACC0137,ACC0024,16968,2026-01-31T14:57:17.670597,merchant_payment,web
TXN000632,ACC0151,ACC0142,11960,2026-02-01T14:59:48.262862,merchant_payment,api
TXN000819,ACC0196,ACC0113,1091,2026-08-02T04:19:36.625271,merchant_payment,web
TXN000782,ACC0175,ACC0020,1332,2026-05-18T20:51:23.030815,merchant_payment,mobile
TXN000673,ACC0089,ACC0080,4142,2026-06-04T14:02:19.339839,merchant_payment,web
TXN000687,ACC0167,ACC0010,4115,2026-08-20T22:36:31.402966,merchant_payment,mobile
TXN000323,ACC0093,ACC0020,18986,2026-06-24T12:33:04.655891,transfer,api
TXN000361,ACC0092,ACC0079,9070,2026-01-21T16:53:51.839719,merchant_payment,api
TXN000720,ACC0176,ACC0187,6365,2026-06-02T12:00:00.028789,merchant_payment,mobile
TXN000670,ACC0023,ACC0034,3639,2026-07-05T00:49:02.514182,merchant_payment,api
TXN000346,ACC0170,ACC0134,7743,2026-03-07T03:17:01.828514,merchant_payment,mobile
TXN000517,ACC0046,ACC0010,18616,2026-03-23T13:43:48.388230,wallet_transfer,web
TXN000412,ACC0082,ACC0075,16589,2026-04-16T03:51:23.724642,bank_transfer,api
TXN000185,ACC0193,ACC0192,15210,2026-01-23T15:40:15.155051,transfer,mobile
TXN000911,ACC0192,ACC0239,2245,2026-06-22T03:00:00,transfer,web
TXN000896,ACC0229,ACC0238,182193,2026-06-03T17:00:00,bank_transfer,mobile
TXN000438,ACC0017,ACC0148,3834,2026-04-25T21:00:17.126656,wallet_transfer,web
TXN000470,ACC0171,ACC0179,12238,2026-01-31T15:50:16.052104,wallet_transfer,api
TXN000879,ACC0224,ACC0227,66321,2026-06-01T05:18:00,wallet_transfer,web
TXN000109,ACC0034,ACC0139,8713,2026-04-30T02:24:49.972052,wallet_transfer,mobile
TXN000791,ACC0082,ACC0135,6434,2026-06-25T13:00:36.143610,merchant_payment,mobile
TXN000184,ACC0094,ACC0174,8283,2026-04-03T02:22:55.844969,bank_transfer,web
TXN000891,ACC0227,ACC0228,44405,2026-06-01T23:53:00,transfer,api
TXN000636,ACC0200,ACC0197,791,2026-01-04T02:34:37.118791,merchant_payment,mobile
TXN000650,ACC0130,ACC0077,6070,2026-04-28T12:33:48.792668,wallet_transfer,api
TXN000862,ACC0214,ACC0215,43839,2026-05-07T09:15:00,wallet_transfer,mobile
TXN000721,ACC0176,ACC0187,6487,2026-06-12T12:00:00.028789,merchant_payment,api
TXN000898,ACC0245,ACC0240,36818,2026-06-19T06:25:00,wallet_transfer,mobile
TXN000815,ACC0196,ACC0113,7734,2026-05-30T04:19:36.625271,merchant_payment,web
TXN000104,ACC0032,ACC0117,3503,2026-02-18T21:31:31.511062,merchant_payment,web
TXN000100,ACC0040,ACC0107,3744,2026-05-09T04:08:26.204286,wallet_transfer,web
TXN000532,ACC0149,ACC0025,17061,2026-03-09T08:11:02.222941,transfer,api
TXN000222,ACC0015,ACC0020,13810,2026-03-08T17:00:19.770574,merchant_payment,api
TXN000080,ACC0076,ACC0180,10174,2026-02-03T17:54:25.900147,transfer,api
TXN000312,ACC0104,ACC0110,17384,2026-06-21T23:06:24.514443,merchant_payment,mobile
TXN000576,ACC0046,ACC0187,558,2026-01-05T23:47:17.217985,bank_transfer,branch
TXN000042,ACC0105,ACC0086,11020,2026-02-03T03:19:37.542243,merchant_payment,api
TXN000542,ACC0013,ACC0174,10292,2026-06-21T22:51:23.224573,transfer,branch
TXN000803,ACC0172,ACC0162,6296,2026-06-28T01:06:44.040966,merchant_payment,api
TXN000060,ACC0049,ACC0179,8325,2026-04-10T07:47:14.925575,merchant_payment,mobile
TXN000378,ACC0159,ACC0135,8771,2026-02-21T22:45:06.523745,wallet_transfer,mobile
TXN000426,ACC0115,ACC0096,13316,2026-06-04T09:21:51.964249,merchant_payment,web
TXN000695,ACC0052,ACC0092,2313,2026-05-27T15:21:35.863723,merchant_payment,mobile
TXN000063,ACC0129,ACC0152,11378,2026-05-22T00:51:07.458400,wallet_transfer,api
TXN000631,ACC0126,ACC0153,15117,2026-03-01T21:53:53.759623,transfer,api
TXN000797,ACC0083,ACC0098,1202,2026-05-01T08:13:33.013151,merchant_payment,branch
TXN000914,ACC0240,ACC0068,4755,2026-06-20T06:00:00,transfer,api
TXN000712,ACC0188,ACC0024,6315,2026-08-06T09:25:58.961995,merchant_payment,api
TXN000014,ACC0050,ACC0056,16366,2026-03-03T01:16:33.689530,transfer,web
TXN000073,ACC0175,ACC0047,6070,2026-05-01T18:46:15.866817,transfer,web
TXN000227,ACC0196,ACC0020,19306,2026-03-19T17:47:09.185684,transfer,mobile
TXN000619,ACC0085,ACC0177,8284,2026-04-25T17:59:22.480241,transfer,web
TXN000763,ACC0142,ACC0162,5127,2026-06-15T20:40:44.383868,merchant_payment,web
TXN000263,ACC0150,ACC0091,2094,2026-01-16T21:46:17.985093,transfer,web
TXN000539,ACC0079,ACC0119,9183,2026-03-27T22:56:06.599955,wallet_transfer,mobile
TXN000769,ACC0004,ACC0134,3347,2026-05-04T21:38:56.104457,merchant_payment,web
TXN000398,ACC0002,ACC0079,15073,2026-02-18T05:54:26.360892,merchant_payment,mobile
TXN000590,ACC0124,ACC0181,1515,2026-07-01T03:12:07.514767,merchant_payment,web
TXN000102,ACC0061,ACC0093,3755,2026-05-31T20:04:32.564726,bank_transfer,mobile
TXN000727,ACC0143,ACC0157,1613,2026-06-17T06:18:45.100770,merchant_payment,api
TXN000498,ACC0198,ACC0019,1046,2026-01-17T11:38:42.684028,merchant_payment,mobile
TXN000658,ACC0191,ACC0079,6576,2026-07-06T19:36:54.681052,merchant_payment,mobile
TXN000207,ACC0018,ACC0089,8401,2026-03-29T09:15:00.517895,wallet_transfer,web
TXN000738,ACC0168,ACC0172,6870,2026-06-09T07:30:58.261374,merchant_payment,web
TXN000183,ACC0047,ACC0178,5924,2026-05-23T14:18:38.788213,wallet_transfer,mobile
TXN000133,ACC0178,ACC0069,1448,2026-03-30T04:09:06.931305,transfer,web
TXN000045,ACC0083,ACC0030,13744,2026-06-06T01:38:34.768327,wallet_transfer,api
TXN000069,ACC0162,ACC0176,9916,2026-03-27T03:30:32.163035,bank_transfer,api
TXN000834,ACC0203,ACC0204,72020,2026-04-12T13:48:00,wallet_transfer,api
TXN000099,ACC0191,ACC0179,18201,2026-03-01T19:59:13.903715,merchant_payment,api
TXN000776,ACC0098,ACC0100,2663,2026-05-06T13:37:50.146605,merchant_payment,web
TXN000330,ACC0089,ACC0180,2589,2026-04-26T13:25:08.275625,merchant_payment,mobile
TXN000420,ACC0178,ACC0108,18314,2026-06-24T03:31:08.463452,transfer,branch
TXN000707,ACC0011,ACC0075,3692,2026-05-13T06:41:08.785036,merchant_payment,mobile
TXN000290,ACC0077,ACC0198,9970,2026-03-07T01:30:41.420521,wallet_transfer,web
TXN000660,ACC0039,ACC0036,4352,2026-04-12T13:35:19.387382,merchant_payment,branch
TXN000565,ACC0049,ACC0127,18264,2026-05-16T05:26:39.026424,merchant_payment,web
TXN000510,ACC0069,ACC0188,4368,2026-05-01T22:31:56.152245,wallet_transfer,mobile
TXN000854,ACC0214,ACC0213,87441,2026-05-08T12:00:00,transfer,mobile
TXN000637,ACC0045,ACC0154,777,2026-01-10T01:24:40.875016,transfer,web
TXN000397,ACC0040,ACC0190,13267,2026-04-22T19:12:04.954618,merchant_payment,mobile
TXN000552,ACC0009,ACC0158,8553,2026-03-14T13:19:44.342253,merchant_payment,web
TXN000065,ACC0037,ACC0105,5558,2026-02-11T16:41:04.983854,transfer,api
TXN000930,ACC0066,ACC0242,11319,2026-06-19T17:00:00,merchant_payment,api
TXN000245,ACC0089,ACC0133,9807,2026-03-23T21:17:23.533561,wallet_transfer,mobile
TXN000373,ACC0130,ACC0117,12729,2026-06-12T23:02:20.472702,transfer,web
TXN000765,ACC0164,ACC0083,6523,2026-04-26T00:14:34.944192,merchant_payment,api
TXN000190,ACC0027,ACC0183,17405,2026-06-12T22:54:21.154685,wallet_transfer,mobile
TXN000389,ACC0146,ACC0100,18213,2026-06-27T06:30:39.900326,merchant_payment,api
TXN000519,ACC0185,ACC0082,9388,2026-05-08T01:43:50.981658,wallet_transfer,web
TXN000835,ACC0204,ACC0205,81488,2026-04-12T21:28:00,transfer,api
TXN000465,ACC0064,ACC0195,13368,2026-03-04T05:31:02.997103,merchant_payment,web
TXN000376,ACC0074,ACC0005,16956,2026-06-28T16:35:06.105001,wallet_transfer,web
TXN000555,ACC0140,ACC0005,13033,2026-03-13T15:36:16.292757,wallet_transfer,mobile
TXN000798,ACC0083,ACC0098,5213,2026-05-19T08:13:33.013151,merchant_payment,api
TXN000303,ACC0147,ACC0060,18035,2026-04-21T15:29:23.721096,wallet_transfer,api
TXN000461,ACC0138,ACC0044,11105,2026-04-26T04:59:47.986399,bank_transfer,mobile
TXN000674,ACC0089,ACC0080,2368,2026-06-18T14:02:19.339839,merchant_payment,mobile
TXN000544,ACC0025,ACC0119,3839,2026-01-04T03:27:10.188611,wallet_transfer,mobile
TXN000780,ACC0098,ACC0100,3409,2026-06-17T13:37:50.146605,merchant_payment,mobile
TXN000165,ACC0142,ACC0190,1844,2026-05-01T05:40:57.360900,merchant_payment,api
TXN000568,ACC0034,ACC0088,6315,2026-06-05T03:02:32.427786,bank_transfer,api
TXN000614,ACC0107,ACC0039,5356,2026-06-28T06:44:25.721060,merchant_payment,web
TXN000282,ACC0147,ACC0180,4101,2026-02-13T04:49:06.969266,transfer,mobile
TXN000480,ACC0025,ACC0001,7493,2026-04-18T03:29:36.317877,merchant_payment,mobile
TXN000332,ACC0035,ACC0197,14274,2026-05-04T08:15:50.603765,merchant_payment,api
TXN000357,ACC0123,ACC0054,11410,2026-02-07T23:57:05.522275,merchant_payment,api
TXN000730,ACC0083,ACC0062,4760,2026-05-01T16:22:10.579950,merchant_payment,mobile
TXN000192,ACC0112,ACC0024,7775,2026-04-29T08:40:51.944377,wallet_transfer,api
TXN000581,ACC0187,ACC0086,15135,2026-02-19T22:55:22.706692,transfer,mobile
TXN000195,ACC0026,ACC0183,11486,2026-01-10T07:39:12.182449,wallet_transfer,mobile
TXN000502,ACC0022,ACC0080,3089,2026-06-10T21:14:09.923483,merchant_payment,mobile
TXN000556,ACC0140,ACC0125,11773,2026-03-11T14:30:24.553396,bank_transfer,web
TXN000302,ACC0074,ACC0166,2438,2026-02-21T06:30:50.062938,bank_transfer,mobile
TXN000573,ACC0164,ACC0125,10896,2026-02-20T11:37:09.996784,transfer,branch
TXN000754,ACC0150,ACC0124,5988,2026-08-01T00:11:28.389519,merchant_payment,branch
TXN000497,ACC0108,ACC0094,18403,2026-05-20T04:47:03.579422,merchant_payment,api
TXN000041,ACC0150,ACC0112,16612,2026-04-11T19:13:20.240443,bank_transfer,web
TXN000726,ACC0143,ACC0157,7978,2026-06-17T06:18:45.100770,merchant_payment,web
TXN000138,ACC0146,ACC0153,3283,2026-01-06T12:58:00.785376,wallet_transfer,mobile
TXN000367,ACC0168,ACC0176,11561,2026-04-09T23:10:02.941986,transfer,api
TXN000387,ACC0081,ACC0005,7288,2026-05-06T00:58:58.630841,merchant_payment,api
TXN000022,ACC0176,ACC0014,5471,2026-04-23T10:35:57.475395,transfer,web
TXN000198,ACC0039,ACC0141,17794,2026-05-26T21:56:12.648314,merchant_payment,api
TXN000450,ACC0182,ACC0114,16513,2026-04-16T03:51:50.602626,transfer,web
TXN000849,ACC0216,ACC0213,25230,2026-05-08T18:00:00,transfer,web
TXN000572,ACC0083,ACC0035,5661,2026-04-23T16:35:27.845012,wallet_transfer,mobile
TXN000325,ACC0134,ACC0114,4308,2026-03-26T10:18:44.305656,merchant_payment,web
TXN000751,ACC0150,ACC0124,6984,2026-06-08T00:11:28.389519,merchant_payment,api
TXN000500,ACC0074,ACC0161,16918,2026-01-30T10:47:06.877826,wallet_transfer,mobile
TXN000886,ACC0226,ACC0227,62480,2026-06-01T02:34:00,wallet_transfer,mobile
TXN000110,ACC0007,ACC0034,986,2026-06-01T21:13:34.940507,merchant_payment,api
TXN000550,ACC0128,ACC0008,13041,2026-03-17T14:41:56.235717,merchant_payment,mobile
TXN000158,ACC0046,ACC0198,16691,2026-06-07T14:44:46.909125,merchant_payment,web
TXN000661,ACC0039,ACC0036,2173,2026-05-01T13:35:19.387382,merchant_payment,mobile
TXN000365,ACC0150,ACC0149,14183,2026-04-22T23:43:57.119488,transfer,mobile
TXN000664,ACC0081,ACC0163,4703,2026-04-21T02:44:07.048477,merchant_payment,mobile
TXN000062,ACC0098,ACC0099,5484,2026-03-28T11:29:20.642576,merchant_payment,mobile
TXN000795,ACC0093,ACC0076,1326,2026-06-07T19:45:49.153535,merchant_payment,web
TXN000347,ACC0143,ACC0152,6238,2026-06-12T11:26:46.364637,merchant_payment,mobile
TXN000634,ACC0042,ACC0147,7522,2026-01-24T00:53:10.454951,wallet_transfer,web
TXN000094,ACC0096,ACC0028,8161,2026-03-08T12:36:21.221631,merchant_payment,web
TXN000512,ACC0148,ACC0161,3025,2026-03-02T00:52:10.876642,merchant_payment,web
TXN000162,ACC0091,ACC0130,2931,2026-05-25T12:44:29.124691,merchant_payment,mobile
TXN000722,ACC0133,ACC0134,6420,2026-04-26T01:51:07.290600,merchant_payment,web
TXN000844,ACC0205,ACC0206,15934,2026-04-13T11:00:00,wallet_transfer,web
TXN000741,ACC0168,ACC0172,5486,2026-07-09T07:30:58.261374,merchant_payment,web
TXN000159,ACC0149,ACC0115,18997,2026-02-02T04:50:54.624608,merchant_payment,branch
TXN000611,ACC0018,ACC0023,13217,2026-03-26T10:48:20.248377,merchant_payment,web
TXN000487,ACC0161,ACC0192,5460,2026-06-20T18:41:21.470280,bank_transfer,web
TXN000596,ACC0161,ACC0154,16239,2026-01-12T14:05:08.332138,transfer,mobile
TXN000704,ACC0011,ACC0075,4489,2026-04-13T06:41:08.785036,merchant_payment,api
TXN000821,ACC0207,ACC0201,174362,2026-04-12T09:53:00,wallet_transfer,mobile
TXN000249,ACC0155,ACC0087,18968,2026-03-15T14:25:23.216733,transfer,api
TXN000406,ACC0020,ACC0093,8747,2026-05-08T15:04:42.772247,bank_transfer,web
TXN000123,ACC0107,ACC0187,3615,2026-01-16T09:01:16.086728,merchant_payment,mobile
TXN000599,ACC0068,ACC0024,18329,2026-03-28T03:02:02.669663,merchant_payment,mobile
TXN000283,ACC0108,ACC0039,14031,2026-02-02T00:09:57.933477,merchant_payment,mobile
TXN000925,ACC0241,ACC0147,10435,2026-06-20T10:00:00,transfer,web
TXN000748,ACC0101,ACC0056,6394,2026-06-20T12:37:22.687277,merchant_payment,web
TXN000333,ACC0115,ACC0097,12809,2026-02-12T21:17:53.515338,transfer,branch
TXN000445,ACC0036,ACC0148,13073,2026-01-06T01:41:19.108361,merchant_payment,web
TXN000649,ACC0137,ACC0164,16088,2026-01-13T06:13:42.846790,bank_transfer,web
TXN000242,ACC0200,ACC0142,19760,2026-06-05T09:35:43.247753,transfer,branch
TXN000116,ACC0016,ACC0123,13660,2026-06-07T16:32:52.448942,merchant_payment,mobile
TXN000224,ACC0113,ACC0009,4636,2026-04-29T18:48:28.937666,transfer,api
TXN000683,ACC0167,ACC0010,7318,2026-06-05T22:36:31.402966,merchant_payment,web
TXN000054,ACC0121,ACC0063,15467,2026-01-08T02:45:32.680641,merchant_payment,mobile
TXN000370,ACC0139,ACC0165,2424,2026-04-24T05:17:00.568584,merchant_payment,api
TXN000717,ACC0186,ACC0016,6008,2026-06-28T07:46:48.344419,merchant_payment,mobile
TXN000306,ACC0075,ACC0010,803,2026-04-15T23:35:49.336591,transfer,web
TXN000654,ACC0191,ACC0079,4044,2026-06-04T19:36:54.681052,merchant_payment,mobile
TXN000493,ACC0192,ACC0101,10184,2026-06-09T15:56:42.065746,merchant_payment,api
TXN000260,ACC0084,ACC0148,10747,2026-03-21T20:49:49.862164,transfer,mobile
TXN000126,ACC0096,ACC0034,18731,2026-02-05T03:25:57.070178,transfer,branch
TXN000739,ACC0168,ACC0172,1934,2026-06-26T07:30:58.261374,merchant_payment,mobile
TXN000563,ACC0189,ACC0179,12256,2026-05-05T17:38:45.795967,bank_transfer,mobile
TXN000044,ACC0195,ACC0141,1702,2026-06-03T00:32:44.663501,merchant_payment,mobile
TXN000645,ACC0062,ACC0015,13741,2026-04-23T20:32:44.838427,merchant_payment,web
TXN000163,ACC0015,ACC0095,9906,2026-05-30T04:21:27.857389,transfer,api
TXN000331,ACC0018,ACC0121,1539,2026-06-30T10:56:07.814900,transfer,mobile
TXN000743,ACC0180,ACC0028,1876,2026-06-18T02:12:45.458768,merchant_payment,mobile
TXN000698,ACC0052,ACC0092,6502,2026-06-11T15:21:35.863723,merchant_payment,mobile
TXN000399,ACC0034,ACC0023,6640,2026-04-11T05:47:38.002697,merchant_payment,web
TXN000905,ACC0241,ACC0242,123815,2026-06-19T18:28:00,bank_transfer,api
TXN000214,ACC0074,ACC0092,2066,2026-05-10T03:31:22.716229,wallet_transfer,mobile
TXN000682,ACC0135,ACC0087,2008,2026-07-22T00:51:33.280368,merchant_payment,mobile
TXN000928,ACC0035,ACC0242,8972,2026-06-20T19:00:00,merchant_payment,web
TXN000097,ACC0012,ACC0010,10473,2026-01-10T20:36:35.339058,bank_transfer,mobile
TXN000472,ACC0083,ACC0073,11567,2026-02-28T12:54:50.414849,merchant_payment,mobile
TXN000204,ACC0135,ACC0093,2717,2026-05-07T21:46:36.644305,bank_transfer,web
TXN000035,ACC0104,ACC0070,16899,2026-01-26T16:12:04.305219,merchant_payment,mobile
TXN000887,ACC0226,ACC0227,79516,2026-06-01T02:48:00,wallet_transfer,mobile
TXN000932,ACC0243,ACC0106,6752,2026-06-22T10:00:00,transfer,web
TXN000395,ACC0022,ACC0198,10178,2026-04-17T01:57:19.821568,wallet_transfer,web
TXN000255,ACC0156,ACC0037,10742,2026-06-25T02:56:36.549376,wallet_transfer,mobile
TXN000125,ACC0024,ACC0022,3554,2026-02-09T13:45:14.003519,merchant_payment,api
TXN000013,ACC0031,ACC0191,18059,2026-03-31T04:39:45.258400,bank_transfer,web
TXN000391,ACC0014,ACC0026,14822,2026-03-26T07:30:17.816402,transfer,mobile
TXN000257,ACC0028,ACC0082,8421,2026-01-18T21:30:09.662080,merchant_payment,mobile
TXN000197,ACC0158,ACC0002,3096,2026-02-12T19:22:50.259207,transfer,mobile
TXN000186,ACC0121,ACC0050,12553,2026-03-30T07:16:51.022869,merchant_payment,web
TXN000482,ACC0031,ACC0109,4831,2026-03-18T00:25:57.874707,merchant_payment,mobile
TXN000557,ACC0100,ACC0070,6392,2026-02-18T20:04:29.243740,transfer,web
TXN000074,ACC0098,ACC0159,8391,2026-06-04T03:16:53.577295,merchant_payment,web
TXN000402,ACC0106,ACC0100,3275,2026-04-22T20:31:23.038889,wallet_transfer,web
TXN000273,ACC0039,ACC0156,17392,2026-04-27T18:03:30.523573,transfer,branch
TXN000058,ACC0039,ACC0115,18148,2026-06-14T15:13:53.235697,merchant_payment,mobile
TXN000150,ACC0107,ACC0075,4274,2026-04-13T22:46:20.330726,merchant_payment,branch
TXN000083,ACC0199,ACC0059,12044,2026-06-25T16:37:03.426593,transfer,mobile
TXN000339,ACC0186,ACC0196,4197,2026-02-16T04:28:22.340799,transfer,web
TXN000033,ACC0043,ACC0079,19998,2026-03-22T00:03:21.475827,wallet_transfer,web
TXN000714,ACC0186,ACC0016,4408,2026-05-11T07:46:48.344419,merchant_payment,branch
TXN000475,ACC0117,ACC0001,14518,2026-04-28T12:51:48.047149,transfer,web
TXN000381,ACC0021,ACC0168,1538,2026-01-12T05:55:12.359883,transfer,mobile
TXN000511,ACC0110,ACC0070,17665,2026-06-06T08:47:35.848413,transfer,web
TXN000320,ACC0040,ACC0117,12742,2026-04-13T20:53:18.126374,merchant_payment,web
TXN000431,ACC0185,ACC0179,15325,2026-04-13T16:26:17.206619,merchant_payment,mobile
TXN000351,ACC0077,ACC0182,5230,2026-06-15T06:53:11.842180,wallet_transfer,branch
TXN000223,ACC0174,ACC0041,1520,2026-01-30T08:38:36.484897,transfer,web
TXN000506,ACC0117,ACC0157,2303,2026-04-25T06:23:47.607306,merchant_payment,api
TXN000016,ACC0076,ACC0059,12325,2026-04-30T11:38:35.795799,transfer,mobile
TXN000155,ACC0136,ACC0131,6853,2026-01-17T22:26:00.714546,bank_transfer,mobile
TXN000093,ACC0117,ACC0095,9090,2026-06-14T21:22:36.191695,merchant_payment,api
TXN000239,ACC0184,ACC0185,16184,2026-03-05T11:37:09.243150,merchant_payment,api
TXN000827,ACC0201,ACC0204,115892,2026-04-12T12:40:00,wallet_transfer,web
TXN000745,ACC0101,ACC0056,6871,2026-04-24T12:37:22.687277,merchant_payment,mobile
TXN000449,ACC0144,ACC0130,16719,2026-02-07T07:29:56.536625,merchant_payment,web
TXN000804,ACC0172,ACC0162,7118,2026-06-24T01:06:44.040966,merchant_payment,web
TXN000921,ACC0241,ACC0003,4452,2026-06-21T05:00:00,transfer,mobile
TXN000792,ACC0093,ACC0076,5598,2026-05-02T19:45:49.153535,merchant_payment,api
TXN000289,ACC0064,ACC0072,18787,2026-05-22T20:11:12.613841,transfer,branch
TXN000105,ACC0153,ACC0006,2157,2026-04-10T11:35:32.165598,wallet_transfer,mobile
TXN000191,ACC0196,ACC0042,9438,2026-05-21T23:26:24.819551,merchant_payment,web
TXN000023,ACC0078,ACC0022,8632,2026-02-26T12:31:05.211253,transfer,api
TXN000828,ACC0201,ACC0204,99128,2026-04-12T13:19:00,wallet_transfer,web
TXN000051,ACC0105,ACC0024,7862,2026-01-16T01:43:40.128051,bank_transfer,branch
TXN000156,ACC0187,ACC0166,5339,2026-03-24T08:33:30.679906,transfer,mobile
TXN000020,ACC0088,ACC0048,2183,2026-02-28T16:50:06.895859,transfer,api
TXN000329,ACC0001,ACC0191,7640,2026-01-14T15:50:03.861804,merchant_payment,mobile
TXN000781,ACC0175,ACC0020,7021,2026-05-01T20:51:23.030815,merchant_payment,web
TXN000845,ACC0219,ACC0213,50869,2026-05-07T04:11:00,merchant_payment,web
TXN000638,ACC0079,ACC0183,9523,2026-05-23T12:36:46.936384,merchant_payment,mobile
TXN000915,ACC0240,ACC0092,2747,2026-06-19T20:00:00,transfer,web
TXN000788,ACC0082,ACC0135,5264,2026-05-23T13:00:36.143610,merchant_payment,mobile
TXN000464,ACC0168,ACC0033,4848,2026-05-27T21:20:17.022820,transfer,web
TXN000894,ACC0229,ACC0236,127151,2026-06-03T07:00:00,bank_transfer,web
TXN000467,ACC0197,ACC0024,13700,2026-04-15T09:28:27.548885,merchant_payment,mobile
TXN000653,ACC0047,ACC0076,2820,2026-06-11T14:33:00.103839,merchant_payment,mobile
TXN000114,ACC0129,ACC0057,1920,2026-04-05T10:43:33.956270,wallet_transfer,api
TXN000297,ACC0158,ACC0190,19729,2026-02-22T17:00:47.375990,transfer,mobile
TXN000832,ACC0203,ACC0204,114073,2026-04-12T12:18:00,wallet_transfer,api
TXN000187,ACC0113,ACC0119,9733,2026-01-25T23:01:14.131767,wallet_transfer,web
TXN000071,ACC0008,ACC0012,11129,2026-03-14T22:06:42.771768,wallet_transfer,mobile
TXN000193,ACC0007,ACC0107,2245,2026-04-06T11:13:51.859696,merchant_payment,mobile
TXN000840,ACC0206,ACC0211,234674,2026-04-14T13:00:00,bank_transfer,api
TXN000276,ACC0126,ACC0182,18945,2026-04-30T17:44:23.431537,transfer,api
TXN000545,ACC0004,ACC0016,7783,2026-03-20T23:28:49.991963,transfer,api
TXN000761,ACC0142,ACC0162,6624,2026-05-30T20:40:44.383868,merchant_payment,mobile
TXN000665,ACC0081,ACC0163,5720,2026-05-01T02:44:07.048477,merchant_payment,api
TXN000292,ACC0185,ACC0071,9930,2026-04-17T23:51:58.729341,transfer,web
TXN000869,ACC0218,ACC0223,178224,2026-05-09T19:00:00,bank_transfer,web
TXN000702,ACC0200,ACC0131,3425,2026-05-20T03:40:53.740995,merchant_payment,mobile
TXN000711,ACC0188,ACC0024,6651,2026-07-17T09:25:58.961995,merchant_payment,api
TXN000628,ACC0015,ACC0064,1583,2026-02-10T16:50:42.849305,merchant_payment,branch
TXN000783,ACC0175,ACC0020,2065,2026-05-27T20:51:23.030815,merchant_payment,mobile
TXN000530,ACC0037,ACC0183,9669,2026-05-27T08:20:15.180665,transfer,branch
TXN000246,ACC0163,ACC0142,9493,2026-05-08T09:01:31.550573,transfer,mobile
TXN000641,ACC0170,ACC0096,18897,2026-03-10T08:26:32.011692,merchant_payment,web
TXN000433,ACC0174,ACC0043,8492,2026-03-15T05:05:46.377779,merchant_payment,web
TXN000913,ACC0239,ACC0175,9175,2026-06-20T06:00:00,transfer,api
TXN000270,ACC0096,ACC0087,18779,2026-04-20T01:04:53.312437,bank_transfer,api
TXN000226,ACC0040,ACC0174,15243,2026-06-05T09:30:01.157319,bank_transfer,mobile
TXN000388,ACC0183,ACC0102,3021,2026-02-02T23:08:15.231675,transfer,web
TXN000890,ACC0227,ACC0228,107915,2026-06-01T23:14:00,transfer,mobile
TXN000662,ACC0039,ACC0036,7381,2026-05-02T13:35:19.387382,merchant_payment,mobile
TXN000755,ACC0196,ACC0064,3808,2026-06-14T15:47:24.301672,merchant_payment,branch
TXN000733,ACC0128,ACC0191,4304,2026-04-17T10:19:23.950496,merchant_payment,mobile
TXN000168,ACC0183,ACC0022,17033,2026-03-05T04:20:23.661962,merchant_payment,mobile
TXN000256,ACC0089,ACC0103,4784,2026-01-03T10:51:19.931766,wallet_transfer,web
TXN000937,ACC0081,ACC0243,11698,2026-06-20T18:00:00,merchant_payment,web
TXN000448,ACC0092,ACC0003,16379,2026-06-24T20:39:48.755395,transfer,api
TXN000575,ACC0045,ACC0097,10553,2026-02-05T07:15:01.410444,wallet_transfer,mobile
TXN000422,ACC0197,ACC0064,12132,2026-05-27T12:29:14.358944,transfer,web
TXN000194,ACC0099,ACC0021,12785,2026-03-10T04:01:50.106269,transfer,mobile
TXN000383,ACC0022,ACC0128,14718,2026-03-29T14:20:33.831470,merchant_payment,mobile
TXN000868,ACC0218,ACC0222,72214,2026-05-09T15:00:00,bank_transfer,web
TXN000008,ACC0177,ACC0122,16583,2026-04-11T10:33:04.009730,merchant_payment,mobile
TXN000237,ACC0093,ACC0142,19252,2026-02-17T04:19:09.941925,merchant_payment,api
TXN000861,ACC0213,ACC0215,81789,2026-05-07T09:53:00,bank_transfer,mobile
TXN000300,ACC0141,ACC0041,13833,2026-03-06T03:46:17.300757,merchant_payment,api
TXN000818,ACC0196,ACC0113,6194,2026-07-11T04:19:36.625271,merchant_payment,mobile
TXN000441,ACC0151,ACC0030,11900,2026-03-08T11:21:21.351449,merchant_payment,web
TXN000785,ACC0182,ACC0040,3642,2026-04-02T13:22:55.456142,merchant_payment,web
TXN000010,ACC0149,ACC0095,16007,2026-01-14T15:00:25.603159,merchant_payment,mobile
TXN000307,ACC0086,ACC0073,15388,2026-02-18T11:59:03.928210,bank_transfer,web
TXN000489,ACC0032,ACC0151,13083,2026-01-16T21:52:46.803441,merchant_payment,mobile
TXN000774,ACC0038,ACC0016,6676,2026-06-21T03:41:29.434289,merchant_payment,web
TXN000504,ACC0167,ACC0175,2666,2026-02-16T00:45:10.668390,merchant_payment,mobile
TXN000705,ACC0011,ACC0075,7973,2026-04-21T06:41:08.785036,merchant_payment,api
TXN000009,ACC0076,ACC0057,13751,2026-02-23T19:37:10.285272,merchant_payment,mobile
TXN000548,ACC0033,ACC0024,11364,2026-01-03T19:10:54.102810,transfer,branch
TXN000481,ACC0058,ACC0133,15083,2026-06-25T07:04:20.862455,transfer,web
TXN000294,ACC0075,ACC0011,9925,2026-05-15T03:31:06.000357,bank_transfer,mobile
TXN000353,ACC0063,ACC0066,7162,2026-02-07T10:33:34.015995,merchant_payment,mobile
TXN000140,ACC0170,ACC0109,16414,2026-04-15T17:27:42.224550,merchant_payment,mobile
TXN000777,ACC0098,ACC0100,7799,2026-05-31T13:37:50.146605,merchant_payment,mobile
TXN000536,ACC0020,ACC0052,4960,2026-05-29T06:26:26.481030,wallet_transfer,web
TXN000001,ACC0199,ACC0124,15732,2026-02-04T03:27:59.379200,merchant_payment,api
TXN000011,ACC0191,ACC0141,11339,2026-01-20T04:14:03.746268,merchant_payment,mobile
TXN000311,ACC0146,ACC0173,6829,2026-02-24T11:10:04.374128,transfer,api
TXN000893,ACC0228,ACC0229,240731,2026-06-02T05:00:00,bank_transfer,web
TXN000267,ACC0144,ACC0050,12379,2026-04-23T00:19:52.866826,merchant_payment,mobile
TXN000423,ACC0145,ACC0166,13594,2026-02-03T06:56:36.366610,bank_transfer,mobile
TXN000375,ACC0106,ACC0004,1048,2026-03-31T20:16:44.828185,merchant_payment,mobile
TXN000316,ACC0168,ACC0093,8243,2026-05-28T20:47:47.581078,transfer,mobile
TXN000453,ACC0127,ACC0141,17238,2026-05-22T22:56:07.093639,transfer,mobile
TXN000092,ACC0094,ACC0024,13429,2026-02-08T17:15:50.410007,transfer,web
TXN000825,ACC0209,ACC0203,101481,2026-04-12T09:13:00,wallet_transfer,mobile
TXN000233,ACC0023,ACC0175,10972,2026-05-23T13:57:57.460617,merchant_payment,web
TXN000864,ACC0215,ACC0216,100523,2026-05-07T13:37:00,merchant_payment,mobile
TXN000494,ACC0062,ACC0127,13144,2026-04-11T05:14:01.583862,transfer,web
TXN000356,ACC0019,ACC0049,19753,2026-02-08T17:17:01.289872,wallet_transfer,web
TXN000318,ACC0181,ACC0198,10690,2026-05-07T10:54:31.829602,merchant_payment,web
TXN000547,ACC0020,ACC0006,2612,2026-02-13T02:51:01.800010,transfer,web
TXN000655,ACC0191,ACC0079,4799,2026-06-18T19:36:54.681052,merchant_payment,api
TXN000656,ACC0191,ACC0079,1439,2026-07-14T19:36:54.681052,merchant_payment,api
TXN000899,ACC0246,ACC0239,98284,2026-06-19T07:59:00,wallet_transfer,web
TXN000446,ACC0138,ACC0178,6176,2026-01-24T07:44:45.432298,merchant_payment,web
TXN000578,ACC0157,ACC0057,19031,2026-04-08T19:04:25.151586,transfer,web
TXN000652,ACC0047,ACC0076,6568,2026-06-07T14:33:00.103839,merchant_payment,api
TXN000767,ACC0004,ACC0134,4120,2026-04-14T21:38:56.104457,merchant_payment,mobile
TXN000647,ACC0108,ACC0104,13222,2026-06-30T22:55:25.697600,wallet_transfer,web
TXN000468,ACC0095,ACC0117,16492,2026-06-04T07:15:04.805192,merchant_payment,mobile
TXN000612,ACC0071,ACC0134,15512,2026-05-21T06:42:09.291073,bank_transfer,mobile
TXN000606,ACC0183,ACC0009,16952,2026-02-16T07:31:02.630609,merchant_payment,web
TXN000182,ACC0197,ACC0159,4794,2026-01-09T12:38:16.637389,merchant_payment,mobile
TXN000553,ACC0141,ACC0123,2498,2026-01-31T21:19:27.191377,transfer,mobile
TXN000715,ACC0186,ACC0016,7572,2026-05-31T07:46:48.344419,merchant_payment,web
TXN000139,ACC0194,ACC0159,2130,2026-01-10T06:23:00.640924,merchant_payment,mobile
TXN000934,ACC0125,ACC0243,2284,2026-06-21T05:00:00,merchant_payment,web
TXN000904,ACC0241,ACC0242,82786,2026-06-19T18:18:00,bank_transfer,branch
TXN000279,ACC0168,ACC0199,19455,2026-01-08T13:11:32.632915,merchant_payment,web
TXN000554,ACC0108,ACC0052,17729,2026-05-15T04:20:56.867016,transfer,branch
TXN000479,ACC0180,ACC0194,8172,2026-03-08T20:52:19.595575,merchant_payment,mobile
TXN000488,ACC0114,ACC0056,3340,2026-05-08T15:00:38.630861,wallet_transfer,mobile
TXN000334,ACC0139,ACC0035,11895,2026-02-28T07:57:23.753538,transfer,branch
TXN000366,ACC0059,ACC0098,19170,2026-05-20T01:32:05.994908,wallet_transfer,web
TXN000680,ACC0135,ACC0087,2837,2026-07-08T00:51:33.280368,merchant_payment,web
TXN000036,ACC0154,ACC0011,14656,2026-05-14T10:26:32.919526,wallet_transfer,web
TXN000030,ACC0180,ACC0117,2832,2026-02-15T19:28:35.754659,merchant_payment,branch
TXN000175,ACC0101,ACC0034,19998,2026-06-06T05:26:09.994149,wallet_transfer,mobile
TXN000859,ACC0214,ACC0213,41802,2026-05-08T10:00:00,transfer,web
TXN000540,ACC0176,ACC0078,1821,2026-01-03T23:55:47.703995,transfer,api
TXN000135,ACC0145,ACC0169,13632,2026-02-09T10:14:27.846757,transfer,api
TXN000130,ACC0124,ACC0058,4046,2026-02-12T23:05:46.164585,merchant_payment,web
TXN000642,ACC0077,ACC0176,4042,2026-01-18T14:33:11.447563,merchant_payment,mobile
TXN000454,ACC0199,ACC0140,12521,2026-03-07T10:04:15.765055,merchant_payment,api
TXN000291,ACC0126,ACC0082,16222,2026-03-14T15:01:05.756380,merchant_payment,branch
TXN000756,ACC0196,ACC0064,7592,2026-07-03T15:47:24.301672,merchant_payment,mobile
TXN000254,ACC0041,ACC0113,14119,2026-01-31T10:23:17.518040,merchant_payment,mobile
TXN000235,ACC0183,ACC0182,6204,2026-03-10T03:19:12.092009,wallet_transfer,web
TXN000317,ACC0079,ACC0041,13784,2026-04-15T23:32:29.602692,merchant_payment,branch
TXN000400,ACC0132,ACC0105,3884,2026-02-14T04:26:28.099797,transfer,mobile
TXN000671,ACC0023,ACC0034,1146,2026-08-03T00:49:02.514182,merchant_payment,web
TXN000087,ACC0192,ACC0107,6255,2026-02-10T21:17:54.911613,transfer,api
TXN000160,ACC0083,ACC0161,10859,2026-05-31T23:10:14.313801,transfer,mobile
TXN000633,ACC0067,ACC0192,3461,2026-02-21T04:45:07.881776,transfer,mobile
TXN000269,ACC0175,ACC0157,4393,2026-05-10T14:08:13.894738,transfer,mobile
TXN000107,ACC0054,ACC0151,7576,2026-04-30T03:52:38.469858,wallet_transfer,mobile
TXN000086,ACC0094,ACC0188,4806,2026-03-08T01:59:48.220130,transfer,mobile
TXN000784,ACC0175,ACC0020,1046,2026-06-09T20:51:23.030815,merchant_payment,mobile
TXN000537,ACC0040,ACC0028,5886,2026-06-04T03:07:43.787327,merchant_payment,mobile
TXN000910,ACC0003,ACC0239,5067,2026-06-20T17:00:00,transfer,mobile
TXN000790,ACC0082,ACC0135,1753,2026-06-26T13:00:36.143610,merchant_payment,mobile
TXN000027,ACC0055,ACC0068,3160,2026-02-28T10:33:33.296487,transfer,mobile
TXN000056,ACC0107,ACC0088,17137,2026-03-16T10:10:51.239355,transfer,mobile
TXN000562,ACC0100,ACC0091,6192,2026-05-27T20:43:25.473530,transfer,web
TXN000485,ACC0035,ACC0165,5181,2026-05-13T11:58:36.620357,transfer,web
TXN000900,ACC0239,ACC0241,59738,2026-06-19T10:29:00,merchant_payment,web
TXN000066,ACC0068,ACC0087,13524,2026-05-21T11:39:56.607052,merchant_payment,api
TXN000098,ACC0061,ACC0138,4945,2026-06-28T00:08:52.290645,merchant_payment,mobile
TXN000106,ACC0033,ACC0145,7224,2026-02-02T19:01:52.345375,transfer,api
TXN000407,ACC0127,ACC0153,6907,2026-03-10T12:22:39.332616,merchant_payment,mobile
TXN000171,ACC0174,ACC0154,2215,2026-02-12T20:47:44.018204,wallet_transfer,web
TXN000216,ACC0099,ACC0087,6621,2026-04-16T12:54:16.091489,merchant_payment,web
TXN000082,ACC0191,ACC0013,16776,2026-05-01T04:39:55.749733,wallet_transfer,api
TXN000768,ACC0004,ACC0134,2637,2026-04-20T21:38:56.104457,merchant_payment,mobile
TXN000718,ACC0176,ACC0187,4998,2026-05-07T12:00:00.028789,merchant_payment,mobile
TXN000762,ACC0142,ACC0162,6819,2026-06-03T20:40:44.383868,merchant_payment,web
TXN000258,ACC0064,ACC0037,3672,2026-01-28T15:49:07.834118,transfer,branch
TXN000678,ACC0135,ACC0087,3942,2026-06-22T00:51:33.280368,merchant_payment,api
TXN000241,ACC0116,ACC0120,17452,2026-05-14T22:34:48.360763,merchant_payment,api
TXN000746,ACC0101,ACC0056,1380,2026-05-12T12:37:22.687277,merchant_payment,branch
TXN000129,ACC0091,ACC0027,19437,2026-01-23T19:11:11.625352,merchant_payment,mobile
TXN000024,ACC0156,ACC0153,7895,2026-04-17T15:36:50.795609,wallet_transfer,mobile
TXN000875,ACC0234,ACC0225,75517,2026-06-01T04:11:00,wallet_transfer,web
TXN000189,ACC0065,ACC0014,16247,2026-05-31T10:53:38.701597,wallet_transfer,web
TXN000172,ACC0017,ACC0085,3596,2026-03-12T21:11:43.200401,merchant_payment,mobile
TXN000424,ACC0111,ACC0028,845,2026-04-02T10:15:45.391691,transfer,mobile
TXN000462,ACC0147,ACC0069,17356,2026-01-28T13:44:41.356900,bank_transfer,web
TXN000534,ACC0034,ACC0061,10057,2026-02-26T03:26:05.982993,transfer,mobile
TXN000602,ACC0039,ACC0193,3668,2026-05-29T14:31:23.259641,transfer,mobile
TXN000766,ACC0164,ACC0083,7941,2026-05-06T00:14:34.944192,merchant_payment,mobile
TXN000372,ACC0162,ACC0060,2727,2026-06-28T20:45:39.393654,wallet_transfer,mobile
TXN000884,ACC0225,ACC0227,75677,2026-06-01T07:22:00,wallet_transfer,web
TXN000800,ACC0115,ACC0125,1786,2026-04-10T23:56:31.648737,merchant_payment,mobile
TXN000456,ACC0027,ACC0189,8611,2026-03-31T05:58:22.711421,transfer,branch
TXN000909,ACC0239,ACC0057,6172,2026-06-21T09:00:00,merchant_payment,web
TXN000278,ACC0186,ACC0177,1373,2026-02-22T23:32:53.270094,merchant_payment,mobile
TXN000405,ACC0043,ACC0112,9542,2026-02-09T09:30:01.161785,merchant_payment,web
